Station Name,Region,Sub Region,State,Year,Total Days
CITY OF COLORADO SPRINGS MUNICIPAL AP,WEST,MOUNTAIN,CO,2013,48
ALBUQUERQUE INTL SUNPORT AIRPORT,WEST,MOUNTAIN,NM,2013,40
AUSTIN STRAUBEL INTERNATIONAL AP,MIDWEST,EAST NORTH CENTRAL,WI,2013,39
GREATER ROCHESTER INTERNATIONAL AP,NORTHEAST,MIDDLE ATLANTIC,NY,2013,39
MANCHESTER AIRPORT,NORTHEAST,NEW ENGLAND,NH,2013,39
PORTLAND INTERNATIONAL JETPORT AP,NORTHEAST,NEW ENGLAND,ME,2013,39
BURLINGTON INTERNATIONAL AIRPORT,NORTHEAST,NEW ENGLAND,VT,2013,38
DULUTH INTERNATIONAL AIRPORT,MIDWEST,WEST NORTH CENTRAL,MN,2013,38
GEN E L LOGAN INTERNATIONAL AIRPORT,NORTHEAST,NEW ENGLAND,MA,2013,38
ALBANY INTERNATIONAL AIRPORT,NORTHEAST,MIDDLE ATLANTIC,NY,2013,37
GENERAL MITCHELL INTERNATIONAL AP,MIDWEST,EAST NORTH CENTRAL,WI,2013,37
THEODORE F GREEN STATE AIRPORT,NORTHEAST,NEW ENGLAND,RI,2013,37
HECTOR INTERNATIONAL AIRPORT,MIDWEST,WEST NORTH CENTRAL,ND,2013,36
NATRONA COUNTY INTERNATIONAL AP,WEST,MOUNTAIN,WY,2013,35
SYRACUSE HANCOCK INTERNATIONAL AP,NORTHEAST,MIDDLE ATLANTIC,NY,2013,35
BRADLEY INTERNATIONAL AIRPORT,NORTHEAST,NEW ENGLAND,CT,2013,33
CHICAGO MIDWAY INTL ARPT,MIDWEST,EAST NORTH CENTRAL,IL,2013,33
JOE FOSS FIELD AIRPORT,MIDWEST,WEST NORTH CENTRAL,SD,2013,33
MINNEAPOLIS-ST PAUL INTERNATIONAL AP,MIDWEST,WEST NORTH CENTRAL,MN,2013,33
BUFFALO NIAGARA INTERNATIONAL AP,NORTHEAST,MIDDLE ATLANTIC,NY,2013,32
DES MOINES INTERNATIONAL AIRPORT,MIDWEST,WEST NORTH CENTRAL,IA,2013,32
EPPLEY AIRFIELD AIRPORT,MIDWEST,WEST NORTH CENTRAL,NE,2013,32
CHICAGO O'HARE INTERNATIONAL AIRPORT,MIDWEST,EAST NORTH CENTRAL,IL,2013,31
GERALD R FORD INTERNATIONAL AIRPORT,MIDWEST,EAST NORTH CENTRAL,MI,2013,31
JOHN F KENNEDY INTERNATIONAL AIRPORT,NORTHEAST,MIDDLE ATLANTIC,NY,2013,31
LINCOLN MUNICIPAL AIRPORT,MIDWEST,WEST NORTH CENTRAL,NE,2013,31
GALLATIN FIELD AIRPORT,WEST,MOUNTAIN,MT,2013,30
NEWARK LIBERTY INTERNATIONAL AP,NORTHEAST,MIDDLE ATLANTIC,NJ,2013,30
DETROIT METRO WAYNE COUNTY AIRPORT,MIDWEST,EAST NORTH CENTRAL,MI,2013,29
LA GUARDIA AIRPORT,NORTHEAST,MIDDLE ATLANTIC,NY,2013,29
CLEVELAND-HOPKINS INTERNATIONAL AP,MIDWEST,EAST NORTH CENTRAL,OH,2013,28
EASTERN IOWA REGIONAL AIRPORT,MIDWEST,WEST NORTH CENTRAL,IA,2013,28
JUNEAU INTERNATIONAL,WEST,PACIFIC,AK,2013,27
TRENTON MERCER AIRPORT,NORTHEAST,MIDDLE ATLANTIC,NJ,2013,26
ATLANTIC CITY INTERNATIONAL AIRPORT,NORTHEAST,MIDDLE ATLANTIC,NJ,2013,25
TED STEVENS ANCHORAGE INTL,WEST,PACIFIC,AK,2013,25
WICHITA EISENHOWER NATIONAL,MIDWEST,WEST NORTH CENTRAL,KS,2013,25
BILLINGS LOGAN INTERNATIONAL AIRPORT,WEST,MOUNTAIN,MT,2013,24
NORFOLK INTERNATIONAL AIRPORT,SOUTH,SOUTH ATLANTIC,VA,2013,24
RONALD REAGAN WASHINGTON NATL AP,SOUTH,SOUTH ATLANTIC,VA,2013,24
BALTIMORE-WASHINGTON INTL AIRPORT,SOUTH,SOUTH ATLANTIC,MD,2013,23
FORT WAYNE INTERNATIONAL AIRPORT,MIDWEST,EAST NORTH CENTRAL,IN,2013,23
HARRISBURG INTERNATIONAL AIRPORT,NORTHEAST,MIDDLE ATLANTIC,PA,2013,23
SALT LAKE CITY INTERNATIONAL AIRPORT,WEST,MOUNTAIN,UT,2013,23
ABRAHAM LINCOLN CAPITAL AIRPORT,MIDWEST,EAST NORTH CENTRAL,IL,2013,22
J.M.COX DAYTON INTERNATIONAL AIRPORT,MIDWEST,EAST NORTH CENTRAL,OH,2013,22
NWPT NEWS/WIMBURG INTL APT,SOUTH,SOUTH ATLANTIC,VA,2013,22
PHILADELPHIA INTERNATIONAL AIRPORT,NORTHEAST,MIDDLE ATLANTIC,PA,2013,22
FAIRBANKS INTERNATIONAL,WEST,PACIFIC,AK,2013,21
KANSAS CITY INTERNATIONAL AIRPORT,MIDWEST,WEST NORTH CENTRAL,MO,2013,21
PITTSBURGH INTERNATIONAL AIRPORT,NORTHEAST,MIDDLE ATLANTIC,PA,2013,21
RICHMOND INTERNATIONAL AIRPORT,SOUTH,SOUTH ATLANTIC,VA,2013,21
ANDREWS AIR FORCE BASE AIRPORT,SOUTH,SOUTH ATLANTIC,MD,2013,20
PORT COLUMBUS INTERNATIONAL AIRPORT,MIDWEST,EAST NORTH CENTRAL,OH,2013,20
WASHINGTON DULLES INTERNATIONAL AP,SOUTH,SOUTH ATLANTIC,VA,2013,20
CHARLOTTESVILLE ALBEMARLE ARPT,SOUTH,SOUTH ATLANTIC,VA,2013,18
INDIANAPOLIS INTERNATIONAL AIRPORT,MIDWEST,EAST NORTH CENTRAL,IN,2013,18
YEAGER AIRPORT,SOUTH,SOUTH ATLANTIC,WV,2013,18
LAMBERT-ST LOUIS INTERNATIONAL AP,MIDWEST,WEST NORTH CENTRAL,MO,2013,17
RENO/TAHOE INTERNATIONAL AIRPORT,WEST,MOUNTAIN,NV,2013,17
TULSA INTERNATIONAL AIRPORT,SOUTH,WEST SOUTH CENTRAL,OK,2013,17
CINCINNATI/NORTHERN KENTUCKY INTL AP,SOUTH,EAST SOUTH CENTRAL,KY,2013,16
EL PASO INTERNATIONAL AIRPORT,SOUTH,WEST SOUTH CENTRAL,TX,2013,16
RALEIGH-DURHAM INTERNATIONAL AP,SOUTH,SOUTH ATLANTIC,NC,2013,16
LOUISVILLE INTL-STANDIFORD FIELD AP,SOUTH,EAST SOUTH CENTRAL,KY,2013,15
PIEDMONT TRIAD INTERNATIONAL AIRPORT,SOUTH,SOUTH ATLANTIC,NC,2013,15
WILMINGTON INTERNATIONAL AIRPORT,SOUTH,SOUTH ATLANTIC,NC,2013,15
LITTLE ROCK AFB AIRPORT,SOUTH,WEST SOUTH CENTRAL,AR,2013,14
WILL ROGERS WORLD AIRPORT,SOUTH,WEST SOUTH CENTRAL,OK,2013,14
SPOKANE INTERNATIONAL AIRPORT,WEST,PACIFIC,WA,2013,13
CHARLESTON AFB/INTERNATIONAL AIRPORT,SOUTH,SOUTH ATLANTIC,SC,2013,12
CHARLOTTE/DOUGLAS INTERNATIONAL AP,SOUTH,SOUTH ATLANTIC,NC,2013,12
SEATTLE-TACOMA INTERNATIONAL AIRPORT,WEST,PACIFIC,WA,2013,12
BOISE AIR TERMINAL/GOWEN FD AIRPORT,WEST,MOUNTAIN,ID,2013,11
MEMPHIS INTERNATIONAL AIRPORT,SOUTH,EAST SOUTH CENTRAL,TN,2013,11
DALLAS/FT WORTH INTERNATIONAL AP,SOUTH,WEST SOUTH CENTRAL,TX,2013,9
GREENVILLE-SPARTANBURG INTL AIRPORT,SOUTH,SOUTH ATLANTIC,SC,2013,9
MCCARRAN INTERNATIONAL AIRPORT,WEST,MOUNTAIN,NV,2013,9
AUSTIN-BERGSTROM INTL AIRPORT,SOUTH,WEST SOUTH CENTRAL,TX,2013,8
BIRMINGHAM INTERNATIONAL AIRPORT,SOUTH,EAST SOUTH CENTRAL,AL,2013,8
HARTSFIELD-JACKSON ATLANTA INTL AP,SOUTH,SOUTH ATLANTIC,GA,2013,8
PENSACOLA REGIONAL AIRPORT,SOUTH,SOUTH ATLANTIC,FL,2013,8
NASHVILLE INTERNATIONAL AIRPORT,SOUTH,EAST SOUTH CENTRAL,TN,2013,7
PORTLAND INTERNATIONAL AIRPORT,WEST,PACIFIC,OR,2013,7
SHREVEPORT REGIONAL AIRPORT,SOUTH,WEST SOUTH CENTRAL,LA,2013,7
JACKSON INTERNATIONAL AIRPORT,SOUTH,EAST SOUTH CENTRAL,MS,2013,6
HUNTSVILLE INTL/C.T.JONES FIELD AIRPORT,SOUTH,EAST SOUTH CENTRAL,AL,2013,5
SAVANNAH/HILTON HEAD INTL AIRPORT,SOUTH,SOUTH ATLANTIC,GA,2013,4
G BUSH INTERCONTINENTAL AP/HOUSTON AP,SOUTH,WEST SOUTH CENTRAL,TX,2013,3
SAN ANTONIO INTERNATIONAL AIRPORT,SOUTH,WEST SOUTH CENTRAL,TX,2013,3
TUCSON INTERNATIONAL AIRPORT,WEST,MOUNTAIN,AZ,2013,3
GULFPORT-BILOXI INTL ARPT,SOUTH,EAST SOUTH CENTRAL,MS,2013,2
HONOLULU INTERNATIONAL AIRPORT,WEST,PACIFIC,HI,2013,1
LOUIS ARMSTRONG NEW ORLEANS INTL AP,SOUTH,WEST SOUTH CENTRAL,LA,2013,1
ORLANDO INTERNATIONAL AIRPORT,SOUTH,SOUTH ATLANTIC,FL,2013,1
PHOENIX SKY HARBOR INTL AIRPORT,WEST,MOUNTAIN,AZ,2013,1
SAN DIEGO INTERNATIONAL AIRPORT,WEST,PACIFIC,CA,2013,1
FRESNO YOSEMITE INTERNATIONAL AIRPORT,WEST,PACIFIC,CA,2013,0
FT LAUD/HOLLYWOOD INTL APT,SOUTH,SOUTH ATLANTIC,FL,2013,0
J. WAYNE APT-ORANGE CO APT,WEST,PACIFIC,CA,2013,0
JACKSONVILLE INTERNATIONAL AIRPORT,SOUTH,SOUTH ATLANTIC,FL,2013,0
KAHULUI AIRPORT,WEST,PACIFIC,HI,2013,0
LIHUE AIRPORT,WEST,PACIFIC,HI,2013,0
LOS ANGELES INTERNATIONAL AIRPORT,WEST,PACIFIC,CA,2013,0
MAHLON SWEET FIELD AIRPORT,WEST,PACIFIC,OR,2013,0
MIAMI INTERNATIONAL AIRPORT,SOUTH,SOUTH ATLANTIC,FL,2013,0
ONTARIO INTERNATIONAL ARPT,WEST,PACIFIC,CA,2013,0
SACRAMENTO INTL AIRPORT,WEST,PACIFIC,CA,2013,0
SAN FRANCISCO INTERNATIONAL AIRPORT,WEST,PACIFIC,CA,2013,0
SANTA BARBARA MUNICIPAL AIRPORT,WEST,PACIFIC,CA,2013,0
TAMPA INTERNATIONAL AIRPORT,SOUTH,SOUTH ATLANTIC,FL,2013,0
CITY OF COLORADO SPRINGS MUNICIPAL AP,WEST,MOUNTAIN,CO,2014,66
HECTOR INTERNATIONAL AIRPORT,MIDWEST,WEST NORTH CENTRAL,ND,2014,52
DENVER INTERNATIONAL AIRPORT,WEST,MOUNTAIN,CO,2014,49
JOE FOSS FIELD AIRPORT,MIDWEST,WEST NORTH CENTRAL,SD,2014,49
PORTLAND INTERNATIONAL JETPORT AP,NORTHEAST,NEW ENGLAND,ME,2014,48
NATRONA COUNTY INTERNATIONAL AP,WEST,MOUNTAIN,WY,2014,46
LINCOLN MUNICIPAL AIRPORT,MIDWEST,WEST NORTH CENTRAL,NE,2014,45
ALBUQUERQUE INTL SUNPORT AIRPORT,WEST,MOUNTAIN,NM,2014,44
GEN E L LOGAN INTERNATIONAL AIRPORT,NORTHEAST,NEW ENGLAND,MA,2014,43
THEODORE F GREEN STATE AIRPORT,NORTHEAST,NEW ENGLAND,RI,2014,42
BRADLEY INTERNATIONAL AIRPORT,NORTHEAST,NEW ENGLAND,CT,2014,41
EASTERN IOWA REGIONAL AIRPORT,MIDWEST,WEST NORTH CENTRAL,IA,2014,41
EPPLEY AIRFIELD AIRPORT,MIDWEST,WEST NORTH CENTRAL,NE,2014,41
MINNEAPOLIS-ST PAUL INTERNATIONAL AP,MIDWEST,WEST NORTH CENTRAL,MN,2014,41
MANCHESTER AIRPORT,NORTHEAST,NEW ENGLAND,NH,2014,40
DULUTH INTERNATIONAL AIRPORT,MIDWEST,WEST NORTH CENTRAL,MN,2014,37
GENERAL MITCHELL INTERNATIONAL AP,MIDWEST,EAST NORTH CENTRAL,WI,2014,37
JOHN F KENNEDY INTERNATIONAL AIRPORT,NORTHEAST,MIDDLE ATLANTIC,NY,2014,37
LA GUARDIA AIRPORT,NORTHEAST,MIDDLE ATLANTIC,NY,2014,37
DETROIT METRO WAYNE COUNTY AIRPORT,MIDWEST,EAST NORTH CENTRAL,MI,2014,36
AUSTIN STRAUBEL INTERNATIONAL AP,MIDWEST,EAST NORTH CENTRAL,WI,2014,35
BILLINGS LOGAN INTERNATIONAL AIRPORT,WEST,MOUNTAIN,MT,2014,35
BURLINGTON INTERNATIONAL AIRPORT,NORTHEAST,NEW ENGLAND,VT,2014,35
CHICAGO MIDWAY INTL ARPT,MIDWEST,EAST NORTH CENTRAL,IL,2014,35
DES MOINES INTERNATIONAL AIRPORT,MIDWEST,WEST NORTH CENTRAL,IA,2014,35
NEWARK LIBERTY INTERNATIONAL AP,NORTHEAST,MIDDLE ATLANTIC,NJ,2014,35
CHICAGO O'HARE INTERNATIONAL AIRPORT,MIDWEST,EAST NORTH CENTRAL,IL,2014,34
TRENTON MERCER AIRPORT,NORTHEAST,MIDDLE ATLANTIC,NJ,2014,34
SYRACUSE HANCOCK INTERNATIONAL AP,NORTHEAST,MIDDLE ATLANTIC,NY,2014,33
ALBANY INTERNATIONAL AIRPORT,NORTHEAST,MIDDLE ATLANTIC,NY,2014,31
ATLANTIC CITY INTERNATIONAL AIRPORT,NORTHEAST,MIDDLE ATLANTIC,NJ,2014,31
BUFFALO NIAGARA INTERNATIONAL AP,NORTHEAST,MIDDLE ATLANTIC,NY,2014,31
GERALD R FORD INTERNATIONAL AIRPORT,MIDWEST,EAST NORTH CENTRAL,MI,2014,31
GREATER ROCHESTER INTERNATIONAL AP,NORTHEAST,MIDDLE ATLANTIC,NY,2014,31
PHILADELPHIA INTERNATIONAL AIRPORT,NORTHEAST,MIDDLE ATLANTIC,PA,2014,30
ABRAHAM LINCOLN CAPITAL AIRPORT,MIDWEST,EAST NORTH CENTRAL,IL,2014,29
LAMBERT-ST LOUIS INTERNATIONAL AP,MIDWEST,WEST NORTH CENTRAL,MO,2014,29
EL PASO INTERNATIONAL AIRPORT,SOUTH,WEST SOUTH CENTRAL,TX,2014,28
ANDREWS AIR FORCE BASE AIRPORT,SOUTH,SOUTH ATLANTIC,MD,2014,27
TULSA INTERNATIONAL AIRPORT,SOUTH,WEST SOUTH CENTRAL,OK,2014,27
HARRISBURG INTERNATIONAL AIRPORT,NORTHEAST,MIDDLE ATLANTIC,PA,2014,26
JUNEAU INTERNATIONAL,WEST,PACIFIC,AK,2014,26
PITTSBURGH INTERNATIONAL AIRPORT,NORTHEAST,MIDDLE ATLANTIC,PA,2014,26
SPOKANE INTERNATIONAL AIRPORT,WEST,PACIFIC,WA,2014,26
WICHITA EISENHOWER NATIONAL,MIDWEST,WEST NORTH CENTRAL,KS,2014,26
FORT WAYNE INTERNATIONAL AIRPORT,MIDWEST,EAST NORTH CENTRAL,IN,2014,25
BALTIMORE-WASHINGTON INTL AIRPORT,SOUTH,SOUTH ATLANTIC,MD,2014,24
CLEVELAND-HOPKINS INTERNATIONAL AP,MIDWEST,EAST NORTH CENTRAL,OH,2014,24
KANSAS CITY INTERNATIONAL AIRPORT,MIDWEST,WEST NORTH CENTRAL,MO,2014,24
NORFOLK INTERNATIONAL AIRPORT,SOUTH,SOUTH ATLANTIC,VA,2014,24
WILL ROGERS WORLD AIRPORT,SOUTH,WEST SOUTH CENTRAL,OK,2014,24
NWPT NEWS/WIMBURG INTL APT,SOUTH,SOUTH ATLANTIC,VA,2014,23
RONALD REAGAN WASHINGTON NATL AP,SOUTH,SOUTH ATLANTIC,VA,2014,23
WASHINGTON DULLES INTERNATIONAL AP,SOUTH,SOUTH ATLANTIC,VA,2014,23
LITTLE ROCK AFB AIRPORT,SOUTH,WEST SOUTH CENTRAL,AR,2014,21
RICHMOND INTERNATIONAL AIRPORT,SOUTH,SOUTH ATLANTIC,VA,2014,21
YEAGER AIRPORT,SOUTH,SOUTH ATLANTIC,WV,2014,21
CHARLOTTESVILLE ALBEMARLE ARPT,SOUTH,SOUTH ATLANTIC,VA,2014,20
J.M.COX DAYTON INTERNATIONAL AIRPORT,MIDWEST,EAST NORTH CENTRAL,OH,2014,20
TED STEVENS ANCHORAGE INTL,WEST,PACIFIC,AK,2014,20
PORT COLUMBUS INTERNATIONAL AIRPORT,MIDWEST,EAST NORTH CENTRAL,OH,2014,19
SEATTLE-TACOMA INTERNATIONAL AIRPORT,WEST,PACIFIC,WA,2014,19
DALLAS/FT WORTH INTERNATIONAL AP,SOUTH,WEST SOUTH CENTRAL,TX,2014,18
LOUISVILLE INTL-STANDIFORD FIELD AP,SOUTH,EAST SOUTH CENTRAL,KY,2014,18
FAIRBANKS INTERNATIONAL,WEST,PACIFIC,AK,2014,16
PIEDMONT TRIAD INTERNATIONAL AIRPORT,SOUTH,SOUTH ATLANTIC,NC,2014,16
RENO/TAHOE INTERNATIONAL AIRPORT,WEST,MOUNTAIN,NV,2014,16
CINCINNATI/NORTHERN KENTUCKY INTL AP,SOUTH,EAST SOUTH CENTRAL,KY,2014,15
INDIANAPOLIS INTERNATIONAL AIRPORT,MIDWEST,EAST NORTH CENTRAL,IN,2014,15
NASHVILLE INTERNATIONAL AIRPORT,SOUTH,EAST SOUTH CENTRAL,TN,2014,15
RALEIGH-DURHAM INTERNATIONAL AP,SOUTH,SOUTH ATLANTIC,NC,2014,15
WILMINGTON INTERNATIONAL AIRPORT,SOUTH,SOUTH ATLANTIC,NC,2014,15
CHARLOTTE/DOUGLAS INTERNATIONAL AP,SOUTH,SOUTH ATLANTIC,NC,2014,14
SALT LAKE CITY INTERNATIONAL AIRPORT,WEST,MOUNTAIN,UT,2014,14
BOISE AIR TERMINAL/GOWEN FD AIRPORT,WEST,MOUNTAIN,ID,2014,13
GREENVILLE-SPARTANBURG INTL AIRPORT,SOUTH,SOUTH ATLANTIC,SC,2014,13
HUNTSVILLE INTL/C.T.JONES FIELD AIRPORT,SOUTH,EAST SOUTH CENTRAL,AL,2014,13
AUSTIN-BERGSTROM INTL AIRPORT,SOUTH,WEST SOUTH CENTRAL,TX,2014,12
PORTLAND INTERNATIONAL AIRPORT,WEST,PACIFIC,OR,2014,12
MEMPHIS INTERNATIONAL AIRPORT,SOUTH,EAST SOUTH CENTRAL,TN,2014,11
CHARLESTON AFB/INTERNATIONAL AIRPORT,SOUTH,SOUTH ATLANTIC,SC,2014,10
MAHLON SWEET FIELD AIRPORT,WEST,PACIFIC,OR,2014,9
HARTSFIELD-JACKSON ATLANTA INTL AP,SOUTH,SOUTH ATLANTIC,GA,2014,8
BIRMINGHAM INTERNATIONAL AIRPORT,SOUTH,EAST SOUTH CENTRAL,AL,2014,7
JACKSON INTERNATIONAL AIRPORT,SOUTH,EAST SOUTH CENTRAL,MS,2014,7
SAVANNAH/HILTON HEAD INTL AIRPORT,SOUTH,SOUTH ATLANTIC,GA,2014,7
MCCARRAN INTERNATIONAL AIRPORT,WEST,MOUNTAIN,NV,2014,6
SAN ANTONIO INTERNATIONAL AIRPORT,SOUTH,WEST SOUTH CENTRAL,TX,2014,5
SHREVEPORT REGIONAL AIRPORT,SOUTH,WEST SOUTH CENTRAL,LA,2014,5
JACKSONVILLE INTERNATIONAL AIRPORT,SOUTH,SOUTH ATLANTIC,FL,2014,4
PENSACOLA REGIONAL AIRPORT,SOUTH,SOUTH ATLANTIC,FL,2014,3
PHOENIX SKY HARBOR INTL AIRPORT,WEST,MOUNTAIN,AZ,2014,3
GULFPORT-BILOXI INTL ARPT,SOUTH,EAST SOUTH CENTRAL,MS,2014,2
LOS ANGELES INTERNATIONAL AIRPORT,WEST,PACIFIC,CA,2014,2
TUCSON INTERNATIONAL AIRPORT,WEST,MOUNTAIN,AZ,2014,2
FRESNO YOSEMITE INTERNATIONAL AIRPORT,WEST,PACIFIC,CA,2014,1
KAHULUI AIRPORT,WEST,PACIFIC,HI,2014,1
LOUIS ARMSTRONG NEW ORLEANS INTL AP,SOUTH,WEST SOUTH CENTRAL,LA,2014,1
ORLANDO INTERNATIONAL AIRPORT,SOUTH,SOUTH ATLANTIC,FL,2014,1
SACRAMENTO INTL AIRPORT,WEST,PACIFIC,CA,2014,1
SAN FRANCISCO INTERNATIONAL AIRPORT,WEST,PACIFIC,CA,2014,1
TAMPA INTERNATIONAL AIRPORT,SOUTH,SOUTH ATLANTIC,FL,2014,1
FT LAUD/HOLLYWOOD INTL APT,SOUTH,SOUTH ATLANTIC,FL,2014,0
G BUSH INTERCONTINENTAL AP/HOUSTON AP,SOUTH,WEST SOUTH CENTRAL,TX,2014,0
HONOLULU INTERNATIONAL AIRPORT,WEST,PACIFIC,HI,2014,0
J. WAYNE APT-ORANGE CO APT,WEST,PACIFIC,CA,2014,0
LIHUE AIRPORT,WEST,PACIFIC,HI,2014,0
MIAMI INTERNATIONAL AIRPORT,SOUTH,SOUTH ATLANTIC,FL,2014,0
ONTARIO INTERNATIONAL ARPT,WEST,PACIFIC,CA,2014,0
SAN DIEGO INTERNATIONAL AIRPORT,WEST,PACIFIC,CA,2014,0
SANTA BARBARA MUNICIPAL AIRPORT,WEST,PACIFIC,CA,2014,0
AUSTIN STRAUBEL INTERNATIONAL AP,MIDWEST,EAST NORTH CENTRAL,WI,2015,50
PORTLAND INTERNATIONAL JETPORT AP,NORTHEAST,NEW ENGLAND,ME,2015,50
THEODORE F GREEN STATE AIRPORT,NORTHEAST,NEW ENGLAND,RI,2015,47
GEN E L LOGAN INTERNATIONAL AIRPORT,NORTHEAST,NEW ENGLAND,MA,2015,45
MANCHESTER AIRPORT,NORTHEAST,NEW ENGLAND,NH,2015,45
BURLINGTON INTERNATIONAL AIRPORT,NORTHEAST,NEW ENGLAND,VT,2015,44
CITY OF COLORADO SPRINGS MUNICIPAL AP,WEST,MOUNTAIN,CO,2015,43
BRADLEY INTERNATIONAL AIRPORT,NORTHEAST,NEW ENGLAND,CT,2015,39
GREATER ROCHESTER INTERNATIONAL AP,NORTHEAST,MIDDLE ATLANTIC,NY,2015,38
ATLANTIC CITY INTERNATIONAL AIRPORT,NORTHEAST,MIDDLE ATLANTIC,NJ,2015,37
BUFFALO NIAGARA INTERNATIONAL AP,NORTHEAST,MIDDLE ATLANTIC,NY,2015,37
JOHN F KENNEDY INTERNATIONAL AIRPORT,NORTHEAST,MIDDLE ATLANTIC,NY,2015,37
LA GUARDIA AIRPORT,NORTHEAST,MIDDLE ATLANTIC,NY,2015,37
ALBANY INTERNATIONAL AIRPORT,NORTHEAST,MIDDLE ATLANTIC,NY,2015,36
ANDREWS AIR FORCE BASE AIRPORT,SOUTH,SOUTH ATLANTIC,MD,2015,36
GENERAL MITCHELL INTERNATIONAL AP,MIDWEST,EAST NORTH CENTRAL,WI,2015,36
HECTOR INTERNATIONAL AIRPORT,MIDWEST,WEST NORTH CENTRAL,ND,2015,36
DULUTH INTERNATIONAL AIRPORT,MIDWEST,WEST NORTH CENTRAL,MN,2015,35
GERALD R FORD INTERNATIONAL AIRPORT,MIDWEST,EAST NORTH CENTRAL,MI,2015,35
NEWARK LIBERTY INTERNATIONAL AP,NORTHEAST,MIDDLE ATLANTIC,NJ,2015,35
CHICAGO MIDWAY INTL ARPT,MIDWEST,EAST NORTH CENTRAL,IL,2015,34
DETROIT METRO WAYNE COUNTY AIRPORT,MIDWEST,EAST NORTH CENTRAL,MI,2015,34
HARRISBURG INTERNATIONAL AIRPORT,NORTHEAST,MIDDLE ATLANTIC,PA,2015,33
PHILADELPHIA INTERNATIONAL AIRPORT,NORTHEAST,MIDDLE ATLANTIC,PA,2015,33
TRENTON MERCER AIRPORT,NORTHEAST,MIDDLE ATLANTIC,NJ,2015,33
CHICAGO O'HARE INTERNATIONAL AIRPORT,MIDWEST,EAST NORTH CENTRAL,IL,2015,32
EASTERN IOWA REGIONAL AIRPORT,MIDWEST,WEST NORTH CENTRAL,IA,2015,31
JUNEAU INTERNATIONAL,WEST,PACIFIC,AK,2015,31
MINNEAPOLIS-ST PAUL INTERNATIONAL AP,MIDWEST,WEST NORTH CENTRAL,MN,2015,31
SYRACUSE HANCOCK INTERNATIONAL AP,NORTHEAST,MIDDLE ATLANTIC,NY,2015,31
DENVER INTERNATIONAL AIRPORT,WEST,MOUNTAIN,CO,2015,30
PITTSBURGH INTERNATIONAL AIRPORT,NORTHEAST,MIDDLE ATLANTIC,PA,2015,30
WASHINGTON DULLES INTERNATIONAL AP,SOUTH,SOUTH ATLANTIC,VA,2015,30
BALTIMORE-WASHINGTON INTL AIRPORT,SOUTH,SOUTH ATLANTIC,MD,2015,29
CLEVELAND-HOPKINS INTERNATIONAL AP,MIDWEST,EAST NORTH CENTRAL,OH,2015,28
RONALD REAGAN WASHINGTON NATL AP,SOUTH,SOUTH ATLANTIC,VA,2015,28
DES MOINES INTERNATIONAL AIRPORT,MIDWEST,WEST NORTH CENTRAL,IA,2015,27
NATRONA COUNTY INTERNATIONAL AP,WEST,MOUNTAIN,WY,2015,27
ALBUQUERQUE INTL SUNPORT AIRPORT,WEST,MOUNTAIN,NM,2015,26
FORT WAYNE INTERNATIONAL AIRPORT,MIDWEST,EAST NORTH CENTRAL,IN,2015,26
RICHMOND INTERNATIONAL AIRPORT,SOUTH,SOUTH ATLANTIC,VA,2015,26
CINCINNATI/NORTHERN KENTUCKY INTL AP,SOUTH,EAST SOUTH CENTRAL,KY,2015,25
INDIANAPOLIS INTERNATIONAL AIRPORT,MIDWEST,EAST NORTH CENTRAL,IN,2015,25
PORT COLUMBUS INTERNATIONAL AIRPORT,MIDWEST,EAST NORTH CENTRAL,OH,2015,25
TED STEVENS ANCHORAGE INTL,WEST,PACIFIC,AK,2015,25
ABRAHAM LINCOLN CAPITAL AIRPORT,MIDWEST,EAST NORTH CENTRAL,IL,2015,24
CHARLOTTESVILLE ALBEMARLE ARPT,SOUTH,SOUTH ATLANTIC,VA,2015,24
J.M.COX DAYTON INTERNATIONAL AIRPORT,MIDWEST,EAST NORTH CENTRAL,OH,2015,24
JOE FOSS FIELD AIRPORT,MIDWEST,WEST NORTH CENTRAL,SD,2015,24
LAMBERT-ST LOUIS INTERNATIONAL AP,MIDWEST,WEST NORTH CENTRAL,MO,2015,24
LINCOLN MUNICIPAL AIRPORT,MIDWEST,WEST NORTH CENTRAL,NE,2015,24
EPPLEY AIRFIELD AIRPORT,MIDWEST,WEST NORTH CENTRAL,NE,2015,23
KANSAS CITY INTERNATIONAL AIRPORT,MIDWEST,WEST NORTH CENTRAL,MO,2015,23
FAIRBANKS INTERNATIONAL,WEST,PACIFIC,AK,2015,22
LOUISVILLE INTL-STANDIFORD FIELD AP,SOUTH,EAST SOUTH CENTRAL,KY,2015,22
NORFOLK INTERNATIONAL AIRPORT,SOUTH,SOUTH ATLANTIC,VA,2015,22
NWPT NEWS/WIMBURG INTL APT,SOUTH,SOUTH ATLANTIC,VA,2015,22
GALLATIN FIELD AIRPORT,WEST,MOUNTAIN,MT,2015,21
WICHITA EISENHOWER NATIONAL,MIDWEST,WEST NORTH CENTRAL,KS,2015,20
YEAGER AIRPORT,SOUTH,SOUTH ATLANTIC,WV,2015,20
BILLINGS LOGAN INTERNATIONAL AIRPORT,WEST,MOUNTAIN,MT,2015,18
TULSA INTERNATIONAL AIRPORT,SOUTH,WEST SOUTH CENTRAL,OK,2015,17
WILL ROGERS WORLD AIRPORT,SOUTH,WEST SOUTH CENTRAL,OK,2015,15
LITTLE ROCK AFB AIRPORT,SOUTH,WEST SOUTH CENTRAL,AR,2015,14
SALT LAKE CITY INTERNATIONAL AIRPORT,WEST,MOUNTAIN,UT,2015,13
SEATTLE-TACOMA INTERNATIONAL AIRPORT,WEST,PACIFIC,WA,2015,13
RALEIGH-DURHAM INTERNATIONAL AP,SOUTH,SOUTH ATLANTIC,NC,2015,12
SPOKANE INTERNATIONAL AIRPORT,WEST,PACIFIC,WA,2015,12
DALLAS/FT WORTH INTERNATIONAL AP,SOUTH,WEST SOUTH CENTRAL,TX,2015,10
EL PASO INTERNATIONAL AIRPORT,SOUTH,WEST SOUTH CENTRAL,TX,2015,10
PIEDMONT TRIAD INTERNATIONAL AIRPORT,SOUTH,SOUTH ATLANTIC,NC,2015,10
PORTLAND INTERNATIONAL AIRPORT,WEST,PACIFIC,OR,2015,9
WILMINGTON INTERNATIONAL AIRPORT,SOUTH,SOUTH ATLANTIC,NC,2015,9
AUSTIN-BERGSTROM INTL AIRPORT,SOUTH,WEST SOUTH CENTRAL,TX,2015,8
BOISE AIR TERMINAL/GOWEN FD AIRPORT,WEST,MOUNTAIN,ID,2015,8
CHARLOTTE/DOUGLAS INTERNATIONAL AP,SOUTH,SOUTH ATLANTIC,NC,2015,8
MEMPHIS INTERNATIONAL AIRPORT,SOUTH,EAST SOUTH CENTRAL,TN,2015,8
CHARLESTON AFB/INTERNATIONAL AIRPORT,SOUTH,SOUTH ATLANTIC,SC,2015,7
NASHVILLE INTERNATIONAL AIRPORT,SOUTH,EAST SOUTH CENTRAL,TN,2015,7
RENO/TAHOE INTERNATIONAL AIRPORT,WEST,MOUNTAIN,NV,2015,7
SAN ANTONIO INTERNATIONAL AIRPORT,SOUTH,WEST SOUTH CENTRAL,TX,2015,7
HARTSFIELD-JACKSON ATLANTA INTL AP,SOUTH,SOUTH ATLANTIC,GA,2015,6
MCCARRAN INTERNATIONAL AIRPORT,WEST,MOUNTAIN,NV,2015,6
SAVANNAH/HILTON HEAD INTL AIRPORT,SOUTH,SOUTH ATLANTIC,GA,2015,6
GREENVILLE-SPARTANBURG INTL AIRPORT,SOUTH,SOUTH ATLANTIC,SC,2015,5
HUNTSVILLE INTL/C.T.JONES FIELD AIRPORT,SOUTH,EAST SOUTH CENTRAL,AL,2015,5
MAHLON SWEET FIELD AIRPORT,WEST,PACIFIC,OR,2015,5
SHREVEPORT REGIONAL AIRPORT,SOUTH,WEST SOUTH CENTRAL,LA,2015,4
BIRMINGHAM INTERNATIONAL AIRPORT,SOUTH,EAST SOUTH CENTRAL,AL,2015,3
GULFPORT-BILOXI INTL ARPT,SOUTH,EAST SOUTH CENTRAL,MS,2015,3
LOUIS ARMSTRONG NEW ORLEANS INTL AP,SOUTH,WEST SOUTH CENTRAL,LA,2015,3
LIHUE AIRPORT,WEST,PACIFIC,HI,2015,2
PENSACOLA REGIONAL AIRPORT,SOUTH,SOUTH ATLANTIC,FL,2015,2
SACRAMENTO INTL AIRPORT,WEST,PACIFIC,CA,2015,2
FRESNO YOSEMITE INTERNATIONAL AIRPORT,WEST,PACIFIC,CA,2015,1
JACKSONVILLE INTERNATIONAL AIRPORT,SOUTH,SOUTH ATLANTIC,FL,2015,1
ORLANDO INTERNATIONAL AIRPORT,SOUTH,SOUTH ATLANTIC,FL,2015,1
PHOENIX SKY HARBOR INTL AIRPORT,WEST,MOUNTAIN,AZ,2015,1
SAN FRANCISCO INTERNATIONAL AIRPORT,WEST,PACIFIC,CA,2015,1
TAMPA INTERNATIONAL AIRPORT,SOUTH,SOUTH ATLANTIC,FL,2015,1
TUCSON INTERNATIONAL AIRPORT,WEST,MOUNTAIN,AZ,2015,1
FT LAUD/HOLLYWOOD INTL APT,SOUTH,SOUTH ATLANTIC,FL,2015,0
G BUSH INTERCONTINENTAL AP/HOUSTON AP,SOUTH,WEST SOUTH CENTRAL,TX,2015,0
HONOLULU INTERNATIONAL AIRPORT,WEST,PACIFIC,HI,2015,0
J. WAYNE APT-ORANGE CO APT,WEST,PACIFIC,CA,2015,0
JACKSON INTERNATIONAL AIRPORT,SOUTH,EAST SOUTH CENTRAL,MS,2015,0
KAHULUI AIRPORT,WEST,PACIFIC,HI,2015,0
LOS ANGELES INTERNATIONAL AIRPORT,WEST,PACIFIC,CA,2015,0
MIAMI INTERNATIONAL AIRPORT,SOUTH,SOUTH ATLANTIC,FL,2015,0
ONTARIO INTERNATIONAL ARPT,WEST,PACIFIC,CA,2015,0
SAN DIEGO INTERNATIONAL AIRPORT,WEST,PACIFIC,CA,2015,0
SANTA BARBARA MUNICIPAL AIRPORT,WEST,PACIFIC,CA,2015,0
CITY OF COLORADO SPRINGS MUNICIPAL AP,WEST,MOUNTAIN,CO,2016,54
PORTLAND INTERNATIONAL JETPORT AP,NORTHEAST,NEW ENGLAND,ME,2016,49
GEN E L LOGAN INTERNATIONAL AIRPORT,NORTHEAST,NEW ENGLAND,MA,2016,42
MANCHESTER AIRPORT,NORTHEAST,NEW ENGLAND,NH,2016,42
BURLINGTON INTERNATIONAL AIRPORT,NORTHEAST,NEW ENGLAND,VT,2016,41
THEODORE F GREEN STATE AIRPORT,NORTHEAST,NEW ENGLAND,RI,2016,40
ALBANY INTERNATIONAL AIRPORT,NORTHEAST,MIDDLE ATLANTIC,NY,2016,38
BRADLEY INTERNATIONAL AIRPORT,NORTHEAST,NEW ENGLAND,CT,2016,38
DENVER INTERNATIONAL AIRPORT,WEST,MOUNTAIN,CO,2016,38
HECTOR INTERNATIONAL AIRPORT,MIDWEST,WEST NORTH CENTRAL,ND,2016,38
GREATER ROCHESTER INTERNATIONAL AP,NORTHEAST,MIDDLE ATLANTIC,NY,2016,37
ALBUQUERQUE INTL SUNPORT AIRPORT,WEST,MOUNTAIN,NM,2016,36
AUSTIN STRAUBEL INTERNATIONAL AP,MIDWEST,EAST NORTH CENTRAL,WI,2016,36
LINCOLN MUNICIPAL AIRPORT,MIDWEST,WEST NORTH CENTRAL,NE,2016,36
BUFFALO NIAGARA INTERNATIONAL AP,NORTHEAST,MIDDLE ATLANTIC,NY,2016,34
DES MOINES INTERNATIONAL AIRPORT,MIDWEST,WEST NORTH CENTRAL,IA,2016,34
EASTERN IOWA REGIONAL AIRPORT,MIDWEST,WEST NORTH CENTRAL,IA,2016,34
JOHN F KENNEDY INTERNATIONAL AIRPORT,NORTHEAST,MIDDLE ATLANTIC,NY,2016,34
SYRACUSE HANCOCK INTERNATIONAL AP,NORTHEAST,MIDDLE ATLANTIC,NY,2016,34
DETROIT METRO WAYNE COUNTY AIRPORT,MIDWEST,EAST NORTH CENTRAL,MI,2016,33
JOE FOSS FIELD AIRPORT,MIDWEST,WEST NORTH CENTRAL,SD,2016,33
GALLATIN FIELD AIRPORT,WEST,MOUNTAIN,MT,2016,32
LA GUARDIA AIRPORT,NORTHEAST,MIDDLE ATLANTIC,NY,2016,32
MINNEAPOLIS-ST PAUL INTERNATIONAL AP,MIDWEST,WEST NORTH CENTRAL,MN,2016,32
NEWARK LIBERTY INTERNATIONAL AP,NORTHEAST,MIDDLE ATLANTIC,NJ,2016,32
DULUTH INTERNATIONAL AIRPORT,MIDWEST,WEST NORTH CENTRAL,MN,2016,31
EPPLEY AIRFIELD AIRPORT,MIDWEST,WEST NORTH CENTRAL,NE,2016,30
GENERAL MITCHELL INTERNATIONAL AP,MIDWEST,EAST NORTH CENTRAL,WI,2016,30
NATRONA COUNTY INTERNATIONAL AP,WEST,MOUNTAIN,WY,2016,30
CLEVELAND-HOPKINS INTERNATIONAL AP,MIDWEST,EAST NORTH CENTRAL,OH,2016,29
GERALD R FORD INTERNATIONAL AIRPORT,MIDWEST,EAST NORTH CENTRAL,MI,2016,29
TRENTON MERCER AIRPORT,NORTHEAST,MIDDLE ATLANTIC,NJ,2016,29
TULSA INTERNATIONAL AIRPORT,SOUTH,WEST SOUTH CENTRAL,OK,2016,29
WICHITA EISENHOWER NATIONAL,MIDWEST,WEST NORTH CENTRAL,KS,2016,28
ANDREWS AIR FORCE BASE AIRPORT,SOUTH,SOUTH ATLANTIC,MD,2016,27
PHILADELPHIA INTERNATIONAL AIRPORT,NORTHEAST,MIDDLE ATLANTIC,PA,2016,27
RICHMOND INTERNATIONAL AIRPORT,SOUTH,SOUTH ATLANTIC,VA,2016,27
TED STEVENS ANCHORAGE INTL,WEST,PACIFIC,AK,2016,27
CHICAGO MIDWAY INTL ARPT,MIDWEST,EAST NORTH CENTRAL,IL,2016,26
CHICAGO O'HARE INTERNATIONAL AIRPORT,MIDWEST,EAST NORTH CENTRAL,IL,2016,26
KANSAS CITY INTERNATIONAL AIRPORT,MIDWEST,WEST NORTH CENTRAL,MO,2016,26
BALTIMORE-WASHINGTON INTL AIRPORT,SOUTH,SOUTH ATLANTIC,MD,2016,25
FORT WAYNE INTERNATIONAL AIRPORT,MIDWEST,EAST NORTH CENTRAL,IN,2016,25
HARRISBURG INTERNATIONAL AIRPORT,NORTHEAST,MIDDLE ATLANTIC,PA,2016,25
NORFOLK INTERNATIONAL AIRPORT,SOUTH,SOUTH ATLANTIC,VA,2016,25
ABRAHAM LINCOLN CAPITAL AIRPORT,MIDWEST,EAST NORTH CENTRAL,IL,2016,24
ATLANTIC CITY INTERNATIONAL AIRPORT,NORTHEAST,MIDDLE ATLANTIC,NJ,2016,24
NWPT NEWS/WIMBURG INTL APT,SOUTH,SOUTH ATLANTIC,VA,2016,24
RONALD REAGAN WASHINGTON NATL AP,SOUTH,SOUTH ATLANTIC,VA,2016,24
INDIANAPOLIS INTERNATIONAL AIRPORT,MIDWEST,EAST NORTH CENTRAL,IN,2016,23
WASHINGTON DULLES INTERNATIONAL AP,SOUTH,SOUTH ATLANTIC,VA,2016,23
J.M.COX DAYTON INTERNATIONAL AIRPORT,MIDWEST,EAST NORTH CENTRAL,OH,2016,22
JUNEAU INTERNATIONAL,WEST,PACIFIC,AK,2016,22
CHARLOTTESVILLE ALBEMARLE ARPT,SOUTH,SOUTH ATLANTIC,VA,2016,21
PITTSBURGH INTERNATIONAL AIRPORT,NORTHEAST,MIDDLE ATLANTIC,PA,2016,21
PORT COLUMBUS INTERNATIONAL AIRPORT,MIDWEST,EAST NORTH CENTRAL,OH,2016,21
BILLINGS LOGAN INTERNATIONAL AIRPORT,WEST,MOUNTAIN,MT,2016,20
FAIRBANKS INTERNATIONAL,WEST,PACIFIC,AK,2016,20
LAMBERT-ST LOUIS INTERNATIONAL AP,MIDWEST,WEST NORTH CENTRAL,MO,2016,20
WILL ROGERS WORLD AIRPORT,SOUTH,WEST SOUTH CENTRAL,OK,2016,20
PORTLAND INTERNATIONAL AIRPORT,WEST,PACIFIC,OR,2016,18
SEATTLE-TACOMA INTERNATIONAL AIRPORT,WEST,PACIFIC,WA,2016,18
CINCINNATI/NORTHERN KENTUCKY INTL AP,SOUTH,EAST SOUTH CENTRAL,KY,2016,16
MAHLON SWEET FIELD AIRPORT,WEST,PACIFIC,OR,2016,15
RALEIGH-DURHAM INTERNATIONAL AP,SOUTH,SOUTH ATLANTIC,NC,2016,15
SPOKANE INTERNATIONAL AIRPORT,WEST,PACIFIC,WA,2016,15
YEAGER AIRPORT,SOUTH,SOUTH ATLANTIC,WV,2016,15
DALLAS/FT WORTH INTERNATIONAL AP,SOUTH,WEST SOUTH CENTRAL,TX,2016,14
LITTLE ROCK AFB AIRPORT,SOUTH,WEST SOUTH CENTRAL,AR,2016,14
SALT LAKE CITY INTERNATIONAL AIRPORT,WEST,MOUNTAIN,UT,2016,14
WILMINGTON INTERNATIONAL AIRPORT,SOUTH,SOUTH ATLANTIC,NC,2016,14
NASHVILLE INTERNATIONAL AIRPORT,SOUTH,EAST SOUTH CENTRAL,TN,2016,13
PIEDMONT TRIAD INTERNATIONAL AIRPORT,SOUTH,SOUTH ATLANTIC,NC,2016,13
LOUISVILLE INTL-STANDIFORD FIELD AP,SOUTH,EAST SOUTH CENTRAL,KY,2016,12
AUSTIN-BERGSTROM INTL AIRPORT,SOUTH,WEST SOUTH CENTRAL,TX,2016,11
EL PASO INTERNATIONAL AIRPORT,SOUTH,WEST SOUTH CENTRAL,TX,2016,11
BOISE AIR TERMINAL/GOWEN FD AIRPORT,WEST,MOUNTAIN,ID,2016,10
CHARLOTTE/DOUGLAS INTERNATIONAL AP,SOUTH,SOUTH ATLANTIC,NC,2016,10
HUNTSVILLE INTL/C.T.JONES FIELD AIRPORT,SOUTH,EAST SOUTH CENTRAL,AL,2016,10
SHREVEPORT REGIONAL AIRPORT,SOUTH,WEST SOUTH CENTRAL,LA,2016,10
CHARLESTON AFB/INTERNATIONAL AIRPORT,SOUTH,SOUTH ATLANTIC,SC,2016,9
MEMPHIS INTERNATIONAL AIRPORT,SOUTH,EAST SOUTH CENTRAL,TN,2016,9
RENO/TAHOE INTERNATIONAL AIRPORT,WEST,MOUNTAIN,NV,2016,9
SAN ANTONIO INTERNATIONAL AIRPORT,SOUTH,WEST SOUTH CENTRAL,TX,2016,9
BIRMINGHAM INTERNATIONAL AIRPORT,SOUTH,EAST SOUTH CENTRAL,AL,2016,8
GREENVILLE-SPARTANBURG INTL AIRPORT,SOUTH,SOUTH ATLANTIC,SC,2016,8
HARTSFIELD-JACKSON ATLANTA INTL AP,SOUTH,SOUTH ATLANTIC,GA,2016,7
MCCARRAN INTERNATIONAL AIRPORT,WEST,MOUNTAIN,NV,2016,7
SAVANNAH/HILTON HEAD INTL AIRPORT,SOUTH,SOUTH ATLANTIC,GA,2016,7
JACKSONVILLE INTERNATIONAL AIRPORT,SOUTH,SOUTH ATLANTIC,FL,2016,6
JACKSON INTERNATIONAL AIRPORT,SOUTH,EAST SOUTH CENTRAL,MS,2016,4
PENSACOLA REGIONAL AIRPORT,SOUTH,SOUTH ATLANTIC,FL,2016,4
G BUSH INTERCONTINENTAL AP/HOUSTON AP,SOUTH,WEST SOUTH CENTRAL,TX,2016,3
ORLANDO INTERNATIONAL AIRPORT,SOUTH,SOUTH ATLANTIC,FL,2016,3
PHOENIX SKY HARBOR INTL AIRPORT,WEST,MOUNTAIN,AZ,2016,3
GULFPORT-BILOXI INTL ARPT,SOUTH,EAST SOUTH CENTRAL,MS,2016,2
LOUIS ARMSTRONG NEW ORLEANS INTL AP,SOUTH,WEST SOUTH CENTRAL,LA,2016,2
TAMPA INTERNATIONAL AIRPORT,SOUTH,SOUTH ATLANTIC,FL,2016,2
J. WAYNE APT-ORANGE CO APT,WEST,PACIFIC,CA,2016,1
LOS ANGELES INTERNATIONAL AIRPORT,WEST,PACIFIC,CA,2016,1
ONTARIO INTERNATIONAL ARPT,WEST,PACIFIC,CA,2016,1
SAN DIEGO INTERNATIONAL AIRPORT,WEST,PACIFIC,CA,2016,1
SANTA BARBARA MUNICIPAL AIRPORT,WEST,PACIFIC,CA,2016,1
TUCSON INTERNATIONAL AIRPORT,WEST,MOUNTAIN,AZ,2016,1
FRESNO YOSEMITE INTERNATIONAL AIRPORT,WEST,PACIFIC,CA,2016,0
FT LAUD/HOLLYWOOD INTL APT,SOUTH,SOUTH ATLANTIC,FL,2016,0
HONOLULU INTERNATIONAL AIRPORT,WEST,PACIFIC,HI,2016,0
KAHULUI AIRPORT,WEST,PACIFIC,HI,2016,0
LIHUE AIRPORT,WEST,PACIFIC,HI,2016,0
MIAMI INTERNATIONAL AIRPORT,SOUTH,SOUTH ATLANTIC,FL,2016,0
SACRAMENTO INTL AIRPORT,WEST,PACIFIC,CA,2016,0
SAN FRANCISCO INTERNATIONAL AIRPORT,WEST,PACIFIC,CA,2016,0
DENVER INTERNATIONAL AIRPORT,WEST,MOUNTAIN,CO,2017,57
CITY OF COLORADO SPRINGS MUNICIPAL AP,WEST,MOUNTAIN,CO,2017,55
BURLINGTON INTERNATIONAL AIRPORT,NORTHEAST,NEW ENGLAND,VT,2017,43
NATRONA COUNTY INTERNATIONAL AP,WEST,MOUNTAIN,WY,2017,43
PORTLAND INTERNATIONAL JETPORT AP,NORTHEAST,NEW ENGLAND,ME,2017,43
HECTOR INTERNATIONAL AIRPORT,MIDWEST,WEST NORTH CENTRAL,ND,2017,42
MANCHESTER AIRPORT,NORTHEAST,NEW ENGLAND,NH,2017,38
DES MOINES INTERNATIONAL AIRPORT,MIDWEST,WEST NORTH CENTRAL,IA,2017,35
GEN E L LOGAN INTERNATIONAL AIRPORT,NORTHEAST,NEW ENGLAND,MA,2017,35
THEODORE F GREEN STATE AIRPORT,NORTHEAST,NEW ENGLAND,RI,2017,35
BUFFALO NIAGARA INTERNATIONAL AP,NORTHEAST,MIDDLE ATLANTIC,NY,2017,34
JOE FOSS FIELD AIRPORT,MIDWEST,WEST NORTH CENTRAL,SD,2017,34
ALBANY INTERNATIONAL AIRPORT,NORTHEAST,MIDDLE ATLANTIC,NY,2017,33
CHICAGO MIDWAY INTL ARPT,MIDWEST,EAST NORTH CENTRAL,IL,2017,33
GENERAL MITCHELL INTERNATIONAL AP,MIDWEST,EAST NORTH CENTRAL,WI,2017,33
GREATER ROCHESTER INTERNATIONAL AP,NORTHEAST,MIDDLE ATLANTIC,NY,2017,33
LINCOLN MUNICIPAL AIRPORT,MIDWEST,WEST NORTH CENTRAL,NE,2017,33
MINNEAPOLIS-ST PAUL INTERNATIONAL AP,MIDWEST,WEST NORTH CENTRAL,MN,2017,33
ALBUQUERQUE INTL SUNPORT AIRPORT,WEST,MOUNTAIN,NM,2017,32
DULUTH INTERNATIONAL AIRPORT,MIDWEST,WEST NORTH CENTRAL,MN,2017,32
ATLANTIC CITY INTERNATIONAL AIRPORT,NORTHEAST,MIDDLE ATLANTIC,NJ,2017,31
EPPLEY AIRFIELD AIRPORT,MIDWEST,WEST NORTH CENTRAL,NE,2017,31
GALLATIN FIELD AIRPORT,WEST,MOUNTAIN,MT,2017,31
JOHN F KENNEDY INTERNATIONAL AIRPORT,NORTHEAST,MIDDLE ATLANTIC,NY,2017,31
AUSTIN STRAUBEL INTERNATIONAL AP,MIDWEST,EAST NORTH CENTRAL,WI,2017,30
BRADLEY INTERNATIONAL AIRPORT,NORTHEAST,NEW ENGLAND,CT,2017,30
CHICAGO O'HARE INTERNATIONAL AIRPORT,MIDWEST,EAST NORTH CENTRAL,IL,2017,30
DETROIT METRO WAYNE COUNTY AIRPORT,MIDWEST,EAST NORTH CENTRAL,MI,2017,30
LA GUARDIA AIRPORT,NORTHEAST,MIDDLE ATLANTIC,NY,2017,30
SYRACUSE HANCOCK INTERNATIONAL AP,NORTHEAST,MIDDLE ATLANTIC,NY,2017,30
CLEVELAND-HOPKINS INTERNATIONAL AP,MIDWEST,EAST NORTH CENTRAL,OH,2017,29
NEWARK LIBERTY INTERNATIONAL AP,NORTHEAST,MIDDLE ATLANTIC,NJ,2017,29
TED STEVENS ANCHORAGE INTL,WEST,PACIFIC,AK,2017,29
EASTERN IOWA REGIONAL AIRPORT,MIDWEST,WEST NORTH CENTRAL,IA,2017,28
BILLINGS LOGAN INTERNATIONAL AIRPORT,WEST,MOUNTAIN,MT,2017,27
GERALD R FORD INTERNATIONAL AIRPORT,MIDWEST,EAST NORTH CENTRAL,MI,2017,27
JUNEAU INTERNATIONAL,WEST,PACIFIC,AK,2017,27
TRENTON MERCER AIRPORT,NORTHEAST,MIDDLE ATLANTIC,NJ,2017,27
PHILADELPHIA INTERNATIONAL AIRPORT,NORTHEAST,MIDDLE ATLANTIC,PA,2017,26
WICHITA EISENHOWER NATIONAL,MIDWEST,WEST NORTH CENTRAL,KS,2017,26
FAIRBANKS INTERNATIONAL,WEST,PACIFIC,AK,2017,25
HARRISBURG INTERNATIONAL AIRPORT,NORTHEAST,MIDDLE ATLANTIC,PA,2017,25
KANSAS CITY INTERNATIONAL AIRPORT,MIDWEST,WEST NORTH CENTRAL,MO,2017,24
FORT WAYNE INTERNATIONAL AIRPORT,MIDWEST,EAST NORTH CENTRAL,IN,2017,23
LAMBERT-ST LOUIS INTERNATIONAL AP,MIDWEST,WEST NORTH CENTRAL,MO,2017,23
J.M.COX DAYTON INTERNATIONAL AIRPORT,MIDWEST,EAST NORTH CENTRAL,OH,2017,22
PORT COLUMBUS INTERNATIONAL AIRPORT,MIDWEST,EAST NORTH CENTRAL,OH,2017,22
SEATTLE-TACOMA INTERNATIONAL AIRPORT,WEST,PACIFIC,WA,2017,22
ABRAHAM LINCOLN CAPITAL AIRPORT,MIDWEST,EAST NORTH CENTRAL,IL,2017,21
ANDREWS AIR FORCE BASE AIRPORT,SOUTH,SOUTH ATLANTIC,MD,2017,21
BALTIMORE-WASHINGTON INTL AIRPORT,SOUTH,SOUTH ATLANTIC,MD,2017,21
CINCINNATI/NORTHERN KENTUCKY INTL AP,SOUTH,EAST SOUTH CENTRAL,KY,2017,21
PITTSBURGH INTERNATIONAL AIRPORT,NORTHEAST,MIDDLE ATLANTIC,PA,2017,21
PORTLAND INTERNATIONAL AIRPORT,WEST,PACIFIC,OR,2017,21
RONALD REAGAN WASHINGTON NATL AP,SOUTH,SOUTH ATLANTIC,VA,2017,21
TULSA INTERNATIONAL AIRPORT,SOUTH,WEST SOUTH CENTRAL,OK,2017,21
INDIANAPOLIS INTERNATIONAL AIRPORT,MIDWEST,EAST NORTH CENTRAL,IN,2017,20
SPOKANE INTERNATIONAL AIRPORT,WEST,PACIFIC,WA,2017,20
WASHINGTON DULLES INTERNATIONAL AP,SOUTH,SOUTH ATLANTIC,VA,2017,20
YEAGER AIRPORT,SOUTH,SOUTH ATLANTIC,WV,2017,20
SALT LAKE CITY INTERNATIONAL AIRPORT,WEST,MOUNTAIN,UT,2017,19
LOUISVILLE INTL-STANDIFORD FIELD AP,SOUTH,EAST SOUTH CENTRAL,KY,2017,18
NWPT NEWS/WIMBURG INTL APT,SOUTH,SOUTH ATLANTIC,VA,2017,18
NORFOLK INTERNATIONAL AIRPORT,SOUTH,SOUTH ATLANTIC,VA,2017,17
RICHMOND INTERNATIONAL AIRPORT,SOUTH,SOUTH ATLANTIC,VA,2017,17
CHARLOTTESVILLE ALBEMARLE ARPT,SOUTH,SOUTH ATLANTIC,VA,2017,16
BOISE AIR TERMINAL/GOWEN FD AIRPORT,WEST,MOUNTAIN,ID,2017,14
RALEIGH-DURHAM INTERNATIONAL AP,SOUTH,SOUTH ATLANTIC,NC,2017,14
WILL ROGERS WORLD AIRPORT,SOUTH,WEST SOUTH CENTRAL,OK,2017,14
EL PASO INTERNATIONAL AIRPORT,SOUTH,WEST SOUTH CENTRAL,TX,2017,13
RENO/TAHOE INTERNATIONAL AIRPORT,WEST,MOUNTAIN,NV,2017,12
HUNTSVILLE INTL/C.T.JONES FIELD AIRPORT,SOUTH,EAST SOUTH CENTRAL,AL,2017,11
LITTLE ROCK AFB AIRPORT,SOUTH,WEST SOUTH CENTRAL,AR,2017,11
MAHLON SWEET FIELD AIRPORT,WEST,PACIFIC,OR,2017,11
NASHVILLE INTERNATIONAL AIRPORT,SOUTH,EAST SOUTH CENTRAL,TN,2017,10
GREENVILLE-SPARTANBURG INTL AIRPORT,SOUTH,SOUTH ATLANTIC,SC,2017,9
HARTSFIELD-JACKSON ATLANTA INTL AP,SOUTH,SOUTH ATLANTIC,GA,2017,9
CHARLOTTE/DOUGLAS INTERNATIONAL AP,SOUTH,SOUTH ATLANTIC,NC,2017,8
DALLAS/FT WORTH INTERNATIONAL AP,SOUTH,WEST SOUTH CENTRAL,TX,2017,8
TUCSON INTERNATIONAL AIRPORT,WEST,MOUNTAIN,AZ,2017,8
PIEDMONT TRIAD INTERNATIONAL AIRPORT,SOUTH,SOUTH ATLANTIC,NC,2017,7
SACRAMENTO INTL AIRPORT,WEST,PACIFIC,CA,2017,7
AUSTIN-BERGSTROM INTL AIRPORT,SOUTH,WEST SOUTH CENTRAL,TX,2017,6
BIRMINGHAM INTERNATIONAL AIRPORT,SOUTH,EAST SOUTH CENTRAL,AL,2017,6
MEMPHIS INTERNATIONAL AIRPORT,SOUTH,EAST SOUTH CENTRAL,TN,2017,6
SHREVEPORT REGIONAL AIRPORT,SOUTH,WEST SOUTH CENTRAL,LA,2017,6
WILMINGTON INTERNATIONAL AIRPORT,SOUTH,SOUTH ATLANTIC,NC,2017,6
GULFPORT-BILOXI INTL ARPT,SOUTH,EAST SOUTH CENTRAL,MS,2017,5
JACKSON INTERNATIONAL AIRPORT,SOUTH,EAST SOUTH CENTRAL,MS,2017,5
MCCARRAN INTERNATIONAL AIRPORT,WEST,MOUNTAIN,NV,2017,5
SAN FRANCISCO INTERNATIONAL AIRPORT,WEST,PACIFIC,CA,2017,5
CHARLESTON AFB/INTERNATIONAL AIRPORT,SOUTH,SOUTH ATLANTIC,SC,2017,4
FRESNO YOSEMITE INTERNATIONAL AIRPORT,WEST,PACIFIC,CA,2017,3
J. WAYNE APT-ORANGE CO APT,WEST,PACIFIC,CA,2017,3
LOS ANGELES INTERNATIONAL AIRPORT,WEST,PACIFIC,CA,2017,3
LOUIS ARMSTRONG NEW ORLEANS INTL AP,SOUTH,WEST SOUTH CENTRAL,LA,2017,3
ONTARIO INTERNATIONAL ARPT,WEST,PACIFIC,CA,2017,3
ORLANDO INTERNATIONAL AIRPORT,SOUTH,SOUTH ATLANTIC,FL,2017,3
SAN ANTONIO INTERNATIONAL AIRPORT,SOUTH,WEST SOUTH CENTRAL,TX,2017,3
SAN DIEGO INTERNATIONAL AIRPORT,WEST,PACIFIC,CA,2017,3
SANTA BARBARA MUNICIPAL AIRPORT,WEST,PACIFIC,CA,2017,3
G BUSH INTERCONTINENTAL AP/HOUSTON AP,SOUTH,WEST SOUTH CENTRAL,TX,2017,2
JACKSONVILLE INTERNATIONAL AIRPORT,SOUTH,SOUTH ATLANTIC,FL,2017,2
PENSACOLA REGIONAL AIRPORT,SOUTH,SOUTH ATLANTIC,FL,2017,2
PHOENIX SKY HARBOR INTL AIRPORT,WEST,MOUNTAIN,AZ,2017,2
SAVANNAH/HILTON HEAD INTL AIRPORT,SOUTH,SOUTH ATLANTIC,GA,2017,2
TAMPA INTERNATIONAL AIRPORT,SOUTH,SOUTH ATLANTIC,FL,2017,2
FT LAUD/HOLLYWOOD INTL APT,SOUTH,SOUTH ATLANTIC,FL,2017,0
HONOLULU INTERNATIONAL AIRPORT,WEST,PACIFIC,HI,2017,0
KAHULUI AIRPORT,WEST,PACIFIC,HI,2017,0
LIHUE AIRPORT,WEST,PACIFIC,HI,2017,0
MIAMI INTERNATIONAL AIRPORT,SOUTH,SOUTH ATLANTIC,FL,2017,0
DENVER INTERNATIONAL AIRPORT,WEST,MOUNTAIN,CO,2018,62
CITY OF COLORADO SPRINGS MUNICIPAL AP,WEST,MOUNTAIN,CO,2018,58
PORTLAND INTERNATIONAL JETPORT AP,NORTHEAST,NEW ENGLAND,ME,2018,53
GEN E L LOGAN INTERNATIONAL AIRPORT,NORTHEAST,NEW ENGLAND,MA,2018,50
BURLINGTON INTERNATIONAL AIRPORT,NORTHEAST,NEW ENGLAND,VT,2018,45
THEODORE F GREEN STATE AIRPORT,NORTHEAST,NEW ENGLAND,RI,2018,44
MANCHESTER AIRPORT,NORTHEAST,NEW ENGLAND,NH,2018,42
BRADLEY INTERNATIONAL AIRPORT,NORTHEAST,NEW ENGLAND,CT,2018,41
JOHN F KENNEDY INTERNATIONAL AIRPORT,NORTHEAST,MIDDLE ATLANTIC,NY,2018,41
NEWARK LIBERTY INTERNATIONAL AP,NORTHEAST,MIDDLE ATLANTIC,NJ,2018,41
ALBANY INTERNATIONAL AIRPORT,NORTHEAST,MIDDLE ATLANTIC,NY,2018,39
LA GUARDIA AIRPORT,NORTHEAST,MIDDLE ATLANTIC,NY,2018,39
NATRONA COUNTY INTERNATIONAL AP,WEST,MOUNTAIN,WY,2018,39
AUSTIN STRAUBEL INTERNATIONAL AP,MIDWEST,EAST NORTH CENTRAL,WI,2018,38
DES MOINES INTERNATIONAL AIRPORT,MIDWEST,WEST NORTH CENTRAL,IA,2018,38
ATLANTIC CITY INTERNATIONAL AIRPORT,NORTHEAST,MIDDLE ATLANTIC,NJ,2018,37
TRENTON MERCER AIRPORT,NORTHEAST,MIDDLE ATLANTIC,NJ,2018,37
LINCOLN MUNICIPAL AIRPORT,MIDWEST,WEST NORTH CENTRAL,NE,2018,36
EPPLEY AIRFIELD AIRPORT,MIDWEST,WEST NORTH CENTRAL,NE,2018,34
GREATER ROCHESTER INTERNATIONAL AP,NORTHEAST,MIDDLE ATLANTIC,NY,2018,34
PHILADELPHIA INTERNATIONAL AIRPORT,NORTHEAST,MIDDLE ATLANTIC,PA,2018,34
SYRACUSE HANCOCK INTERNATIONAL AP,NORTHEAST,MIDDLE ATLANTIC,NY,2018,34
WICHITA EISENHOWER NATIONAL,MIDWEST,WEST NORTH CENTRAL,KS,2018,34
ALBUQUERQUE INTL SUNPORT AIRPORT,WEST,MOUNTAIN,NM,2018,32
BALTIMORE-WASHINGTON INTL AIRPORT,SOUTH,SOUTH ATLANTIC,MD,2018,32
EASTERN IOWA REGIONAL AIRPORT,MIDWEST,WEST NORTH CENTRAL,IA,2018,32
JOE FOSS FIELD AIRPORT,MIDWEST,WEST NORTH CENTRAL,SD,2018,32
DULUTH INTERNATIONAL AIRPORT,MIDWEST,WEST NORTH CENTRAL,MN,2018,31
GENERAL MITCHELL INTERNATIONAL AP,MIDWEST,EAST NORTH CENTRAL,WI,2018,31
HARRISBURG INTERNATIONAL AIRPORT,NORTHEAST,MIDDLE ATLANTIC,PA,2018,31
HECTOR INTERNATIONAL AIRPORT,MIDWEST,WEST NORTH CENTRAL,ND,2018,31
RONALD REAGAN WASHINGTON NATL AP,SOUTH,SOUTH ATLANTIC,VA,2018,31
CHICAGO O'HARE INTERNATIONAL AIRPORT,MIDWEST,EAST NORTH CENTRAL,IL,2018,30
MINNEAPOLIS-ST PAUL INTERNATIONAL AP,MIDWEST,WEST NORTH CENTRAL,MN,2018,30
DETROIT METRO WAYNE COUNTY AIRPORT,MIDWEST,EAST NORTH CENTRAL,MI,2018,29
GALLATIN FIELD AIRPORT,WEST,MOUNTAIN,MT,2018,29
LAMBERT-ST LOUIS INTERNATIONAL AP,MIDWEST,WEST NORTH CENTRAL,MO,2018,29
WASHINGTON DULLES INTERNATIONAL AP,SOUTH,SOUTH ATLANTIC,VA,2018,29
CHICAGO MIDWAY INTL ARPT,MIDWEST,EAST NORTH CENTRAL,IL,2018,28
CLEVELAND-HOPKINS INTERNATIONAL AP,MIDWEST,EAST NORTH CENTRAL,OH,2018,28
ABRAHAM LINCOLN CAPITAL AIRPORT,MIDWEST,EAST NORTH CENTRAL,IL,2018,27
BUFFALO NIAGARA INTERNATIONAL AP,NORTHEAST,MIDDLE ATLANTIC,NY,2018,27
GERALD R FORD INTERNATIONAL AIRPORT,MIDWEST,EAST NORTH CENTRAL,MI,2018,27
BILLINGS LOGAN INTERNATIONAL AIRPORT,WEST,MOUNTAIN,MT,2018,26
NORFOLK INTERNATIONAL AIRPORT,SOUTH,SOUTH ATLANTIC,VA,2018,26
TED STEVENS ANCHORAGE INTL,WEST,PACIFIC,AK,2018,26
TULSA INTERNATIONAL AIRPORT,SOUTH,WEST SOUTH CENTRAL,OK,2018,26
FAIRBANKS INTERNATIONAL,WEST,PACIFIC,AK,2018,25
FORT WAYNE INTERNATIONAL AIRPORT,MIDWEST,EAST NORTH CENTRAL,IN,2018,24
NWPT NEWS/WIMBURG INTL APT,SOUTH,SOUTH ATLANTIC,VA,2018,24
PITTSBURGH INTERNATIONAL AIRPORT,NORTHEAST,MIDDLE ATLANTIC,PA,2018,24
WILL ROGERS WORLD AIRPORT,SOUTH,WEST SOUTH CENTRAL,OK,2018,24
CHARLOTTESVILLE ALBEMARLE ARPT,SOUTH,SOUTH ATLANTIC,VA,2018,22
JUNEAU INTERNATIONAL,WEST,PACIFIC,AK,2018,22
KANSAS CITY INTERNATIONAL AIRPORT,MIDWEST,WEST NORTH CENTRAL,MO,2018,22
RICHMOND INTERNATIONAL AIRPORT,SOUTH,SOUTH ATLANTIC,VA,2018,22
PORT COLUMBUS INTERNATIONAL AIRPORT,MIDWEST,EAST NORTH CENTRAL,OH,2018,21
J.M.COX DAYTON INTERNATIONAL AIRPORT,MIDWEST,EAST NORTH CENTRAL,OH,2018,20
ANDREWS AIR FORCE BASE AIRPORT,SOUTH,SOUTH ATLANTIC,MD,2018,19
INDIANAPOLIS INTERNATIONAL AIRPORT,MIDWEST,EAST NORTH CENTRAL,IN,2018,19
RALEIGH-DURHAM INTERNATIONAL AP,SOUTH,SOUTH ATLANTIC,NC,2018,18
YEAGER AIRPORT,SOUTH,SOUTH ATLANTIC,WV,2018,17
SEATTLE-TACOMA INTERNATIONAL AIRPORT,WEST,PACIFIC,WA,2018,16
LOUISVILLE INTL-STANDIFORD FIELD AP,SOUTH,EAST SOUTH CENTRAL,KY,2018,15
PIEDMONT TRIAD INTERNATIONAL AIRPORT,SOUTH,SOUTH ATLANTIC,NC,2018,15
BOISE AIR TERMINAL/GOWEN FD AIRPORT,WEST,MOUNTAIN,ID,2018,13
CINCINNATI/NORTHERN KENTUCKY INTL AP,SOUTH,EAST SOUTH CENTRAL,KY,2018,13
RENO/TAHOE INTERNATIONAL AIRPORT,WEST,MOUNTAIN,NV,2018,13
SALT LAKE CITY INTERNATIONAL AIRPORT,WEST,MOUNTAIN,UT,2018,13
SPOKANE INTERNATIONAL AIRPORT,WEST,PACIFIC,WA,2018,13
WILMINGTON INTERNATIONAL AIRPORT,SOUTH,SOUTH ATLANTIC,NC,2018,13
EL PASO INTERNATIONAL AIRPORT,SOUTH,WEST SOUTH CENTRAL,TX,2018,12
DALLAS/FT WORTH INTERNATIONAL AP,SOUTH,WEST SOUTH CENTRAL,TX,2018,10
LITTLE ROCK AFB AIRPORT,SOUTH,WEST SOUTH CENTRAL,AR,2018,10
CHARLESTON AFB/INTERNATIONAL AIRPORT,SOUTH,SOUTH ATLANTIC,SC,2018,9
MCCARRAN INTERNATIONAL AIRPORT,WEST,MOUNTAIN,NV,2018,9
PORTLAND INTERNATIONAL AIRPORT,WEST,PACIFIC,OR,2018,9
CHARLOTTE/DOUGLAS INTERNATIONAL AP,SOUTH,SOUTH ATLANTIC,NC,2018,8
GREENVILLE-SPARTANBURG INTL AIRPORT,SOUTH,SOUTH ATLANTIC,SC,2018,7
MAHLON SWEET FIELD AIRPORT,WEST,PACIFIC,OR,2018,7
MEMPHIS INTERNATIONAL AIRPORT,SOUTH,EAST SOUTH CENTRAL,TN,2018,7
NASHVILLE INTERNATIONAL AIRPORT,SOUTH,EAST SOUTH CENTRAL,TN,2018,7
BIRMINGHAM INTERNATIONAL AIRPORT,SOUTH,EAST SOUTH CENTRAL,AL,2018,6
SAVANNAH/HILTON HEAD INTL AIRPORT,SOUTH,SOUTH ATLANTIC,GA,2018,6
SHREVEPORT REGIONAL AIRPORT,SOUTH,WEST SOUTH CENTRAL,LA,2018,6
HUNTSVILLE INTL/C.T.JONES FIELD AIRPORT,SOUTH,EAST SOUTH CENTRAL,AL,2018,5
SAN ANTONIO INTERNATIONAL AIRPORT,SOUTH,WEST SOUTH CENTRAL,TX,2018,5
AUSTIN-BERGSTROM INTL AIRPORT,SOUTH,WEST SOUTH CENTRAL,TX,2018,4
FRESNO YOSEMITE INTERNATIONAL AIRPORT,WEST,PACIFIC,CA,2018,4
HARTSFIELD-JACKSON ATLANTA INTL AP,SOUTH,SOUTH ATLANTIC,GA,2018,4
G BUSH INTERCONTINENTAL AP/HOUSTON AP,SOUTH,WEST SOUTH CENTRAL,TX,2018,3
JACKSON INTERNATIONAL AIRPORT,SOUTH,EAST SOUTH CENTRAL,MS,2018,3
LOUIS ARMSTRONG NEW ORLEANS INTL AP,SOUTH,WEST SOUTH CENTRAL,LA,2018,3
PHOENIX SKY HARBOR INTL AIRPORT,WEST,MOUNTAIN,AZ,2018,3
SACRAMENTO INTL AIRPORT,WEST,PACIFIC,CA,2018,2
FT LAUD/HOLLYWOOD INTL APT,SOUTH,SOUTH ATLANTIC,FL,2018,1
GULFPORT-BILOXI INTL ARPT,SOUTH,EAST SOUTH CENTRAL,MS,2018,1
JACKSONVILLE INTERNATIONAL AIRPORT,SOUTH,SOUTH ATLANTIC,FL,2018,1
KAHULUI AIRPORT,WEST,PACIFIC,HI,2018,1
PENSACOLA REGIONAL AIRPORT,SOUTH,SOUTH ATLANTIC,FL,2018,1
HONOLULU INTERNATIONAL AIRPORT,WEST,PACIFIC,HI,2018,0
J. WAYNE APT-ORANGE CO APT,WEST,PACIFIC,CA,2018,0
LIHUE AIRPORT,WEST,PACIFIC,HI,2018,0
LOS ANGELES INTERNATIONAL AIRPORT,WEST,PACIFIC,CA,2018,0
MIAMI INTERNATIONAL AIRPORT,SOUTH,SOUTH ATLANTIC,FL,2018,0
ONTARIO INTERNATIONAL ARPT,WEST,PACIFIC,CA,2018,0
ORLANDO INTERNATIONAL AIRPORT,SOUTH,SOUTH ATLANTIC,FL,2018,0
SAN DIEGO INTERNATIONAL AIRPORT,WEST,PACIFIC,CA,2018,0
SAN FRANCISCO INTERNATIONAL AIRPORT,WEST,PACIFIC,CA,2018,0
SANTA BARBARA MUNICIPAL AIRPORT,WEST,PACIFIC,CA,2018,0
TAMPA INTERNATIONAL AIRPORT,SOUTH,SOUTH ATLANTIC,FL,2018,0
TUCSON INTERNATIONAL AIRPORT,WEST,MOUNTAIN,AZ,2018,0
PORTLAND INTERNATIONAL JETPORT AP,NORTHEAST,NEW ENGLAND,ME,2019,60
CITY OF COLORADO SPRINGS MUNICIPAL AP,WEST,MOUNTAIN,CO,2019,59
MANCHESTER AIRPORT,NORTHEAST,NEW ENGLAND,NH,2019,51
GEN E L LOGAN INTERNATIONAL AIRPORT,NORTHEAST,NEW ENGLAND,MA,2019,46
SYRACUSE HANCOCK INTERNATIONAL AP,NORTHEAST,MIDDLE ATLANTIC,NY,2019,45
AUSTIN STRAUBEL INTERNATIONAL AP,MIDWEST,EAST NORTH CENTRAL,WI,2019,44
BUFFALO NIAGARA INTERNATIONAL AP,NORTHEAST,MIDDLE ATLANTIC,NY,2019,44
THEODORE F GREEN STATE AIRPORT,NORTHEAST,NEW ENGLAND,RI,2019,44
CLEVELAND-HOPKINS INTERNATIONAL AP,MIDWEST,EAST NORTH CENTRAL,OH,2019,43
BURLINGTON INTERNATIONAL AIRPORT,NORTHEAST,NEW ENGLAND,VT,2019,42
GENERAL MITCHELL INTERNATIONAL AP,MIDWEST,EAST NORTH CENTRAL,WI,2019,42
GERALD R FORD INTERNATIONAL AIRPORT,MIDWEST,EAST NORTH CENTRAL,MI,2019,42
GREATER ROCHESTER INTERNATIONAL AP,NORTHEAST,MIDDLE ATLANTIC,NY,2019,42
ALBANY INTERNATIONAL AIRPORT,NORTHEAST,MIDDLE ATLANTIC,NY,2019,41
BRADLEY INTERNATIONAL AIRPORT,NORTHEAST,NEW ENGLAND,CT,2019,41
DES MOINES INTERNATIONAL AIRPORT,MIDWEST,WEST NORTH CENTRAL,IA,2019,41
DETROIT METRO WAYNE COUNTY AIRPORT,MIDWEST,EAST NORTH CENTRAL,MI,2019,40
EPPLEY AIRFIELD AIRPORT,MIDWEST,WEST NORTH CENTRAL,NE,2019,39
JOHN F KENNEDY INTERNATIONAL AIRPORT,NORTHEAST,MIDDLE ATLANTIC,NY,2019,38
LINCOLN MUNICIPAL AIRPORT,MIDWEST,WEST NORTH CENTRAL,NE,2019,38
ALBUQUERQUE INTL SUNPORT AIRPORT,WEST,MOUNTAIN,NM,2019,37
ATLANTIC CITY INTERNATIONAL AIRPORT,NORTHEAST,MIDDLE ATLANTIC,NJ,2019,37
LA GUARDIA AIRPORT,NORTHEAST,MIDDLE ATLANTIC,NY,2019,37
NATRONA COUNTY INTERNATIONAL AP,WEST,MOUNTAIN,WY,2019,37
NEWARK LIBERTY INTERNATIONAL AP,NORTHEAST,MIDDLE ATLANTIC,NJ,2019,37
TRENTON MERCER AIRPORT,NORTHEAST,MIDDLE ATLANTIC,NJ,2019,37
DENVER INTERNATIONAL AIRPORT,WEST,MOUNTAIN,CO,2019,36
BALTIMORE-WASHINGTON INTL AIRPORT,SOUTH,SOUTH ATLANTIC,MD,2019,35
CHICAGO MIDWAY INTL ARPT,MIDWEST,EAST NORTH CENTRAL,IL,2019,35
JOE FOSS FIELD AIRPORT,MIDWEST,WEST NORTH CENTRAL,SD,2019,35
TED STEVENS ANCHORAGE INTL,WEST,PACIFIC,AK,2019,35
DULUTH INTERNATIONAL AIRPORT,MIDWEST,WEST NORTH CENTRAL,MN,2019,34
FORT WAYNE INTERNATIONAL AIRPORT,MIDWEST,EAST NORTH CENTRAL,IN,2019,34
MINNEAPOLIS-ST PAUL INTERNATIONAL AP,MIDWEST,WEST NORTH CENTRAL,MN,2019,34
PHILADELPHIA INTERNATIONAL AIRPORT,NORTHEAST,MIDDLE ATLANTIC,PA,2019,34
RONALD REAGAN WASHINGTON NATL AP,SOUTH,SOUTH ATLANTIC,VA,2019,34
WASHINGTON DULLES INTERNATIONAL AP,SOUTH,SOUTH ATLANTIC,VA,2019,34
CHICAGO O'HARE INTERNATIONAL AIRPORT,MIDWEST,EAST NORTH CENTRAL,IL,2019,33
EASTERN IOWA REGIONAL AIRPORT,MIDWEST,WEST NORTH CENTRAL,IA,2019,33
J.M.COX DAYTON INTERNATIONAL AIRPORT,MIDWEST,EAST NORTH CENTRAL,OH,2019,33
HARRISBURG INTERNATIONAL AIRPORT,NORTHEAST,MIDDLE ATLANTIC,PA,2019,32
KANSAS CITY INTERNATIONAL AIRPORT,MIDWEST,WEST NORTH CENTRAL,MO,2019,32
WICHITA EISENHOWER NATIONAL,MIDWEST,WEST NORTH CENTRAL,KS,2019,32
CHARLOTTESVILLE ALBEMARLE ARPT,SOUTH,SOUTH ATLANTIC,VA,2019,31
PITTSBURGH INTERNATIONAL AIRPORT,NORTHEAST,MIDDLE ATLANTIC,PA,2019,31
FAIRBANKS INTERNATIONAL,WEST,PACIFIC,AK,2019,30
HECTOR INTERNATIONAL AIRPORT,MIDWEST,WEST NORTH CENTRAL,ND,2019,28
JUNEAU INTERNATIONAL,WEST,PACIFIC,AK,2019,28
TULSA INTERNATIONAL AIRPORT,SOUTH,WEST SOUTH CENTRAL,OK,2019,28
NWPT NEWS/WIMBURG INTL APT,SOUTH,SOUTH ATLANTIC,VA,2019,27
PORT COLUMBUS INTERNATIONAL AIRPORT,MIDWEST,EAST NORTH CENTRAL,OH,2019,27
ABRAHAM LINCOLN CAPITAL AIRPORT,MIDWEST,EAST NORTH CENTRAL,IL,2019,26
LAMBERT-ST LOUIS INTERNATIONAL AP,MIDWEST,WEST NORTH CENTRAL,MO,2019,26
RICHMOND INTERNATIONAL AIRPORT,SOUTH,SOUTH ATLANTIC,VA,2019,26
INDIANAPOLIS INTERNATIONAL AIRPORT,MIDWEST,EAST NORTH CENTRAL,IN,2019,25
NORFOLK INTERNATIONAL AIRPORT,SOUTH,SOUTH ATLANTIC,VA,2019,25
WILL ROGERS WORLD AIRPORT,SOUTH,WEST SOUTH CENTRAL,OK,2019,24
CINCINNATI/NORTHERN KENTUCKY INTL AP,SOUTH,EAST SOUTH CENTRAL,KY,2019,23
YEAGER AIRPORT,SOUTH,SOUTH ATLANTIC,WV,2019,22
LOUISVILLE INTL-STANDIFORD FIELD AP,SOUTH,EAST SOUTH CENTRAL,KY,2019,19
GALLATIN FIELD AIRPORT,WEST,MOUNTAIN,MT,2019,18
SALT LAKE CITY INTERNATIONAL AIRPORT,WEST,MOUNTAIN,UT,2019,16
EL PASO INTERNATIONAL AIRPORT,SOUTH,WEST SOUTH CENTRAL,TX,2019,15
RALEIGH-DURHAM INTERNATIONAL AP,SOUTH,SOUTH ATLANTIC,NC,2019,15
DALLAS/FT WORTH INTERNATIONAL AP,SOUTH,WEST SOUTH CENTRAL,TX,2019,14
ANDREWS AIR FORCE BASE AIRPORT,SOUTH,SOUTH ATLANTIC,MD,2019,13
BILLINGS LOGAN INTERNATIONAL AIRPORT,WEST,MOUNTAIN,MT,2019,13
NASHVILLE INTERNATIONAL AIRPORT,SOUTH,EAST SOUTH CENTRAL,TN,2019,13
MEMPHIS INTERNATIONAL AIRPORT,SOUTH,EAST SOUTH CENTRAL,TN,2019,12
PIEDMONT TRIAD INTERNATIONAL AIRPORT,SOUTH,SOUTH ATLANTIC,NC,2019,12
SPOKANE INTERNATIONAL AIRPORT,WEST,PACIFIC,WA,2019,12
CHARLOTTE/DOUGLAS INTERNATIONAL AP,SOUTH,SOUTH ATLANTIC,NC,2019,11
HUNTSVILLE INTL/C.T.JONES FIELD AIRPORT,SOUTH,EAST SOUTH CENTRAL,AL,2019,11
PORTLAND INTERNATIONAL AIRPORT,WEST,PACIFIC,OR,2019,11
GREENVILLE-SPARTANBURG INTL AIRPORT,SOUTH,SOUTH ATLANTIC,SC,2019,10
RENO/TAHOE INTERNATIONAL AIRPORT,WEST,MOUNTAIN,NV,2019,10
SEATTLE-TACOMA INTERNATIONAL AIRPORT,WEST,PACIFIC,WA,2019,10
BOISE AIR TERMINAL/GOWEN FD AIRPORT,WEST,MOUNTAIN,ID,2019,9
SHREVEPORT REGIONAL AIRPORT,SOUTH,WEST SOUTH CENTRAL,LA,2019,9
WILMINGTON INTERNATIONAL AIRPORT,SOUTH,SOUTH ATLANTIC,NC,2019,9
BIRMINGHAM INTERNATIONAL AIRPORT,SOUTH,EAST SOUTH CENTRAL,AL,2019,8
CHARLESTON AFB/INTERNATIONAL AIRPORT,SOUTH,SOUTH ATLANTIC,SC,2019,8
HARTSFIELD-JACKSON ATLANTA INTL AP,SOUTH,SOUTH ATLANTIC,GA,2019,8
JACKSON INTERNATIONAL AIRPORT,SOUTH,EAST SOUTH CENTRAL,MS,2019,7
LITTLE ROCK AFB AIRPORT,SOUTH,WEST SOUTH CENTRAL,AR,2019,7
MAHLON SWEET FIELD AIRPORT,WEST,PACIFIC,OR,2019,6
MCCARRAN INTERNATIONAL AIRPORT,WEST,MOUNTAIN,NV,2019,6
AUSTIN-BERGSTROM INTL AIRPORT,SOUTH,WEST SOUTH CENTRAL,TX,2019,5
JACKSONVILLE INTERNATIONAL AIRPORT,SOUTH,SOUTH ATLANTIC,FL,2019,4
SAN ANTONIO INTERNATIONAL AIRPORT,SOUTH,WEST SOUTH CENTRAL,TX,2019,4
SAN FRANCISCO INTERNATIONAL AIRPORT,WEST,PACIFIC,CA,2019,4
SAVANNAH/HILTON HEAD INTL AIRPORT,SOUTH,SOUTH ATLANTIC,GA,2019,4
PENSACOLA REGIONAL AIRPORT,SOUTH,SOUTH ATLANTIC,FL,2019,3
TUCSON INTERNATIONAL AIRPORT,WEST,MOUNTAIN,AZ,2019,3
FRESNO YOSEMITE INTERNATIONAL AIRPORT,WEST,PACIFIC,CA,2019,2
G BUSH INTERCONTINENTAL AP/HOUSTON AP,SOUTH,WEST SOUTH CENTRAL,TX,2019,2
GULFPORT-BILOXI INTL ARPT,SOUTH,EAST SOUTH CENTRAL,MS,2019,2
LOS ANGELES INTERNATIONAL AIRPORT,WEST,PACIFIC,CA,2019,2
SACRAMENTO INTL AIRPORT,WEST,PACIFIC,CA,2019,2
LOUIS ARMSTRONG NEW ORLEANS INTL AP,SOUTH,WEST SOUTH CENTRAL,LA,2019,1
ORLANDO INTERNATIONAL AIRPORT,SOUTH,SOUTH ATLANTIC,FL,2019,1
PHOENIX SKY HARBOR INTL AIRPORT,WEST,MOUNTAIN,AZ,2019,1
SANTA BARBARA MUNICIPAL AIRPORT,WEST,PACIFIC,CA,2019,1
FT LAUD/HOLLYWOOD INTL APT,SOUTH,SOUTH ATLANTIC,FL,2019,0
HONOLULU INTERNATIONAL AIRPORT,WEST,PACIFIC,HI,2019,0
J. WAYNE APT-ORANGE CO APT,WEST,PACIFIC,CA,2019,0
KAHULUI AIRPORT,WEST,PACIFIC,HI,2019,0
LIHUE AIRPORT,WEST,PACIFIC,HI,2019,0
MIAMI INTERNATIONAL AIRPORT,SOUTH,SOUTH ATLANTIC,FL,2019,0
ONTARIO INTERNATIONAL ARPT,WEST,PACIFIC,CA,2019,0
SAN DIEGO INTERNATIONAL AIRPORT,WEST,PACIFIC,CA,2019,0
TAMPA INTERNATIONAL AIRPORT,SOUTH,SOUTH ATLANTIC,FL,2019,0
CITY OF COLORADO SPRINGS MUNICIPAL AP,WEST,MOUNTAIN,CO,2020,61
PORTLAND INTERNATIONAL JETPORT AP,NORTHEAST,NEW ENGLAND,ME,2020,52
MANCHESTER AIRPORT,NORTHEAST,NEW ENGLAND,NH,2020,51
GEN E L LOGAN INTERNATIONAL AIRPORT,NORTHEAST,NEW ENGLAND,MA,2020,49
HECTOR INTERNATIONAL AIRPORT,MIDWEST,WEST NORTH CENTRAL,ND,2020,46
DENVER INTERNATIONAL AIRPORT,WEST,MOUNTAIN,CO,2020,44
BURLINGTON INTERNATIONAL AIRPORT,NORTHEAST,NEW ENGLAND,VT,2020,43
NATRONA COUNTY INTERNATIONAL AP,WEST,MOUNTAIN,WY,2020,42
THEODORE F GREEN STATE AIRPORT,NORTHEAST,NEW ENGLAND,RI,2020,42
TED STEVENS ANCHORAGE INTL,WEST,PACIFIC,AK,2020,41
BRADLEY INTERNATIONAL AIRPORT,NORTHEAST,NEW ENGLAND,CT,2020,40
ALBANY INTERNATIONAL AIRPORT,NORTHEAST,MIDDLE ATLANTIC,NY,2020,39
JUNEAU INTERNATIONAL,WEST,PACIFIC,AK,2020,38
ATLANTIC CITY INTERNATIONAL AIRPORT,NORTHEAST,MIDDLE ATLANTIC,NJ,2020,36
NEWARK LIBERTY INTERNATIONAL AP,NORTHEAST,MIDDLE ATLANTIC,NJ,2020,35
FAIRBANKS INTERNATIONAL,WEST,PACIFIC,AK,2020,34
TRENTON MERCER AIRPORT,NORTHEAST,MIDDLE ATLANTIC,NJ,2020,34
BUFFALO NIAGARA INTERNATIONAL AP,NORTHEAST,MIDDLE ATLANTIC,NY,2020,33
JOE FOSS FIELD AIRPORT,MIDWEST,WEST NORTH CENTRAL,SD,2020,33
JOHN F KENNEDY INTERNATIONAL AIRPORT,NORTHEAST,MIDDLE ATLANTIC,NY,2020,33
LINCOLN MUNICIPAL AIRPORT,MIDWEST,WEST NORTH CENTRAL,NE,2020,33
MINNEAPOLIS-ST PAUL INTERNATIONAL AP,MIDWEST,WEST NORTH CENTRAL,MN,2020,33
PHILADELPHIA INTERNATIONAL AIRPORT,NORTHEAST,MIDDLE ATLANTIC,PA,2020,33
SYRACUSE HANCOCK INTERNATIONAL AP,NORTHEAST,MIDDLE ATLANTIC,NY,2020,33
BILLINGS LOGAN INTERNATIONAL AIRPORT,WEST,MOUNTAIN,MT,2020,32
GREATER ROCHESTER INTERNATIONAL AP,NORTHEAST,MIDDLE ATLANTIC,NY,2020,32
WICHITA EISENHOWER NATIONAL,MIDWEST,WEST NORTH CENTRAL,KS,2020,32
ALBUQUERQUE INTL SUNPORT AIRPORT,WEST,MOUNTAIN,NM,2020,31
GALLATIN FIELD AIRPORT,WEST,MOUNTAIN,MT,2020,31
LA GUARDIA AIRPORT,NORTHEAST,MIDDLE ATLANTIC,NY,2020,31
RONALD REAGAN WASHINGTON NATL AP,SOUTH,SOUTH ATLANTIC,VA,2020,31
DULUTH INTERNATIONAL AIRPORT,MIDWEST,WEST NORTH CENTRAL,MN,2020,30
EPPLEY AIRFIELD AIRPORT,MIDWEST,WEST NORTH CENTRAL,NE,2020,30
BALTIMORE-WASHINGTON INTL AIRPORT,SOUTH,SOUTH ATLANTIC,MD,2020,29
AUSTIN STRAUBEL INTERNATIONAL AP,MIDWEST,EAST NORTH CENTRAL,WI,2020,28
SEATTLE-TACOMA INTERNATIONAL AIRPORT,WEST,PACIFIC,WA,2020,28
GENERAL MITCHELL INTERNATIONAL AP,MIDWEST,EAST NORTH CENTRAL,WI,2020,27
HARRISBURG INTERNATIONAL AIRPORT,NORTHEAST,MIDDLE ATLANTIC,PA,2020,27
CHARLOTTESVILLE ALBEMARLE ARPT,SOUTH,SOUTH ATLANTIC,VA,2020,26
RICHMOND INTERNATIONAL AIRPORT,SOUTH,SOUTH ATLANTIC,VA,2020,25
WASHINGTON DULLES INTERNATIONAL AP,SOUTH,SOUTH ATLANTIC,VA,2020,25
CLEVELAND-HOPKINS INTERNATIONAL AP,MIDWEST,EAST NORTH CENTRAL,OH,2020,24
DETROIT METRO WAYNE COUNTY AIRPORT,MIDWEST,EAST NORTH CENTRAL,MI,2020,24
GERALD R FORD INTERNATIONAL AIRPORT,MIDWEST,EAST NORTH CENTRAL,MI,2020,24
NORFOLK INTERNATIONAL AIRPORT,SOUTH,SOUTH ATLANTIC,VA,2020,23
NWPT NEWS/WIMBURG INTL APT,SOUTH,SOUTH ATLANTIC,VA,2020,23
CHICAGO MIDWAY INTL ARPT,MIDWEST,EAST NORTH CENTRAL,IL,2020,22
CHICAGO O'HARE INTERNATIONAL AIRPORT,MIDWEST,EAST NORTH CENTRAL,IL,2020,22
PITTSBURGH INTERNATIONAL AIRPORT,NORTHEAST,MIDDLE ATLANTIC,PA,2020,22
WILL ROGERS WORLD AIRPORT,SOUTH,WEST SOUTH CENTRAL,OK,2020,22
DES MOINES INTERNATIONAL AIRPORT,MIDWEST,WEST NORTH CENTRAL,IA,2020,21
KANSAS CITY INTERNATIONAL AIRPORT,MIDWEST,WEST NORTH CENTRAL,MO,2020,21
RENO/TAHOE INTERNATIONAL AIRPORT,WEST,MOUNTAIN,NV,2020,21
SPOKANE INTERNATIONAL AIRPORT,WEST,PACIFIC,WA,2020,21
EASTERN IOWA REGIONAL AIRPORT,MIDWEST,WEST NORTH CENTRAL,IA,2020,20
PORT COLUMBUS INTERNATIONAL AIRPORT,MIDWEST,EAST NORTH CENTRAL,OH,2020,20
CINCINNATI/NORTHERN KENTUCKY INTL AP,SOUTH,EAST SOUTH CENTRAL,KY,2020,19
EL PASO INTERNATIONAL AIRPORT,SOUTH,WEST SOUTH CENTRAL,TX,2020,19
FORT WAYNE INTERNATIONAL AIRPORT,MIDWEST,EAST NORTH CENTRAL,IN,2020,19
J.M.COX DAYTON INTERNATIONAL AIRPORT,MIDWEST,EAST NORTH CENTRAL,OH,2020,19
INDIANAPOLIS INTERNATIONAL AIRPORT,MIDWEST,EAST NORTH CENTRAL,IN,2020,18
RALEIGH-DURHAM INTERNATIONAL AP,SOUTH,SOUTH ATLANTIC,NC,2020,18
SALT LAKE CITY INTERNATIONAL AIRPORT,WEST,MOUNTAIN,UT,2020,18
TULSA INTERNATIONAL AIRPORT,SOUTH,WEST SOUTH CENTRAL,OK,2020,18
LAMBERT-ST LOUIS INTERNATIONAL AP,MIDWEST,WEST NORTH CENTRAL,MO,2020,17
PORTLAND INTERNATIONAL AIRPORT,WEST,PACIFIC,OR,2020,17
ANDREWS AIR FORCE BASE AIRPORT,SOUTH,SOUTH ATLANTIC,MD,2020,16
BOISE AIR TERMINAL/GOWEN FD AIRPORT,WEST,MOUNTAIN,ID,2020,15
LOUISVILLE INTL-STANDIFORD FIELD AP,SOUTH,EAST SOUTH CENTRAL,KY,2020,15
PIEDMONT TRIAD INTERNATIONAL AIRPORT,SOUTH,SOUTH ATLANTIC,NC,2020,15
YEAGER AIRPORT,SOUTH,SOUTH ATLANTIC,WV,2020,15
ABRAHAM LINCOLN CAPITAL AIRPORT,MIDWEST,EAST NORTH CENTRAL,IL,2020,14
NASHVILLE INTERNATIONAL AIRPORT,SOUTH,EAST SOUTH CENTRAL,TN,2020,13
WILMINGTON INTERNATIONAL AIRPORT,SOUTH,SOUTH ATLANTIC,NC,2020,13
CHARLOTTE/DOUGLAS INTERNATIONAL AP,SOUTH,SOUTH ATLANTIC,NC,2020,12
MAHLON SWEET FIELD AIRPORT,WEST,PACIFIC,OR,2020,12
DALLAS/FT WORTH INTERNATIONAL AP,SOUTH,WEST SOUTH CENTRAL,TX,2020,11
GREENVILLE-SPARTANBURG INTL AIRPORT,SOUTH,SOUTH ATLANTIC,SC,2020,11
HARTSFIELD-JACKSON ATLANTA INTL AP,SOUTH,SOUTH ATLANTIC,GA,2020,11
LITTLE ROCK AFB AIRPORT,SOUTH,WEST SOUTH CENTRAL,AR,2020,11
MEMPHIS INTERNATIONAL AIRPORT,SOUTH,EAST SOUTH CENTRAL,TN,2020,11
HUNTSVILLE INTL/C.T.JONES FIELD AIRPORT,SOUTH,EAST SOUTH CENTRAL,AL,2020,10
JACKSON INTERNATIONAL AIRPORT,SOUTH,EAST SOUTH CENTRAL,MS,2020,9
SHREVEPORT REGIONAL AIRPORT,SOUTH,WEST SOUTH CENTRAL,LA,2020,8
MCCARRAN INTERNATIONAL AIRPORT,WEST,MOUNTAIN,NV,2020,7
AUSTIN-BERGSTROM INTL AIRPORT,SOUTH,WEST SOUTH CENTRAL,TX,2020,6
BIRMINGHAM INTERNATIONAL AIRPORT,SOUTH,EAST SOUTH CENTRAL,AL,2020,6
CHARLESTON AFB/INTERNATIONAL AIRPORT,SOUTH,SOUTH ATLANTIC,SC,2020,6
SAN ANTONIO INTERNATIONAL AIRPORT,SOUTH,WEST SOUTH CENTRAL,TX,2020,6
GULFPORT-BILOXI INTL ARPT,SOUTH,EAST SOUTH CENTRAL,MS,2020,4
SAVANNAH/HILTON HEAD INTL AIRPORT,SOUTH,SOUTH ATLANTIC,GA,2020,4
LOUIS ARMSTRONG NEW ORLEANS INTL AP,SOUTH,WEST SOUTH CENTRAL,LA,2020,3
TUCSON INTERNATIONAL AIRPORT,WEST,MOUNTAIN,AZ,2020,3
G BUSH INTERCONTINENTAL AP/HOUSTON AP,SOUTH,WEST SOUTH CENTRAL,TX,2020,2
LOS ANGELES INTERNATIONAL AIRPORT,WEST,PACIFIC,CA,2020,2
LIHUE AIRPORT,WEST,PACIFIC,HI,2020,1
PENSACOLA REGIONAL AIRPORT,SOUTH,SOUTH ATLANTIC,FL,2020,1
PHOENIX SKY HARBOR INTL AIRPORT,WEST,MOUNTAIN,AZ,2020,1
FRESNO YOSEMITE INTERNATIONAL AIRPORT,WEST,PACIFIC,CA,2020,0
FT LAUD/HOLLYWOOD INTL APT,SOUTH,SOUTH ATLANTIC,FL,2020,0
HONOLULU INTERNATIONAL AIRPORT,WEST,PACIFIC,HI,2020,0
J. WAYNE APT-ORANGE CO APT,WEST,PACIFIC,CA,2020,0
JACKSONVILLE INTERNATIONAL AIRPORT,SOUTH,SOUTH ATLANTIC,FL,2020,0
KAHULUI AIRPORT,WEST,PACIFIC,HI,2020,0
MIAMI INTERNATIONAL AIRPORT,SOUTH,SOUTH ATLANTIC,FL,2020,0
ONTARIO INTERNATIONAL ARPT,WEST,PACIFIC,CA,2020,0
ORLANDO INTERNATIONAL AIRPORT,SOUTH,SOUTH ATLANTIC,FL,2020,0
SACRAMENTO INTL AIRPORT,WEST,PACIFIC,CA,2020,0
SAN DIEGO INTERNATIONAL AIRPORT,WEST,PACIFIC,CA,2020,0
SAN FRANCISCO INTERNATIONAL AIRPORT,WEST,PACIFIC,CA,2020,0
SANTA BARBARA MUNICIPAL AIRPORT,WEST,PACIFIC,CA,2020,0
TAMPA INTERNATIONAL AIRPORT,SOUTH,SOUTH ATLANTIC,FL,2020,0
CITY OF COLORADO SPRINGS MUNICIPAL AP,WEST,MOUNTAIN,CO,2021,57
JUNEAU INTERNATIONAL,WEST,PACIFIC,AK,2021,57
DENVER INTERNATIONAL AIRPORT,WEST,MOUNTAIN,CO,2021,47
TED STEVENS ANCHORAGE INTL,WEST,PACIFIC,AK,2021,42
GEN E L LOGAN INTERNATIONAL AIRPORT,NORTHEAST,NEW ENGLAND,MA,2021,38
PORTLAND INTERNATIONAL JETPORT AP,NORTHEAST,NEW ENGLAND,ME,2021,37
ALBUQUERQUE INTL SUNPORT AIRPORT,WEST,MOUNTAIN,NM,2021,36
HECTOR INTERNATIONAL AIRPORT,MIDWEST,WEST NORTH CENTRAL,ND,2021,36
MANCHESTER AIRPORT,NORTHEAST,NEW ENGLAND,NH,2021,36
THEODORE F GREEN STATE AIRPORT,NORTHEAST,NEW ENGLAND,RI,2021,34
GALLATIN FIELD AIRPORT,WEST,MOUNTAIN,MT,2021,33
BURLINGTON INTERNATIONAL AIRPORT,NORTHEAST,NEW ENGLAND,VT,2021,32
FAIRBANKS INTERNATIONAL,WEST,PACIFIC,AK,2021,31
BRADLEY INTERNATIONAL AIRPORT,NORTHEAST,NEW ENGLAND,CT,2021,30
JOHN F KENNEDY INTERNATIONAL AIRPORT,NORTHEAST,MIDDLE ATLANTIC,NY,2021,30
LA GUARDIA AIRPORT,NORTHEAST,MIDDLE ATLANTIC,NY,2021,30
MINNEAPOLIS-ST PAUL INTERNATIONAL AP,MIDWEST,WEST NORTH CENTRAL,MN,2021,30
BILLINGS LOGAN INTERNATIONAL AIRPORT,WEST,MOUNTAIN,MT,2021,29
DULUTH INTERNATIONAL AIRPORT,MIDWEST,WEST NORTH CENTRAL,MN,2021,29
GERALD R FORD INTERNATIONAL AIRPORT,MIDWEST,EAST NORTH CENTRAL,MI,2021,29
JOE FOSS FIELD AIRPORT,MIDWEST,WEST NORTH CENTRAL,SD,2021,29
NATRONA COUNTY INTERNATIONAL AP,WEST,MOUNTAIN,WY,2021,29
ALBANY INTERNATIONAL AIRPORT,NORTHEAST,MIDDLE ATLANTIC,NY,2021,28
DETROIT METRO WAYNE COUNTY AIRPORT,MIDWEST,EAST NORTH CENTRAL,MI,2021,28
EPPLEY AIRFIELD AIRPORT,MIDWEST,WEST NORTH CENTRAL,NE,2021,28
NEWARK LIBERTY INTERNATIONAL AP,NORTHEAST,MIDDLE ATLANTIC,NJ,2021,28
BUFFALO NIAGARA INTERNATIONAL AP,NORTHEAST,MIDDLE ATLANTIC,NY,2021,27
CHICAGO MIDWAY INTL ARPT,MIDWEST,EAST NORTH CENTRAL,IL,2021,27
CHICAGO O'HARE INTERNATIONAL AIRPORT,MIDWEST,EAST NORTH CENTRAL,IL,2021,27
DES MOINES INTERNATIONAL AIRPORT,MIDWEST,WEST NORTH CENTRAL,IA,2021,27
EASTERN IOWA REGIONAL AIRPORT,MIDWEST,WEST NORTH CENTRAL,IA,2021,27
GENERAL MITCHELL INTERNATIONAL AP,MIDWEST,EAST NORTH CENTRAL,WI,2021,27
GREATER ROCHESTER INTERNATIONAL AP,NORTHEAST,MIDDLE ATLANTIC,NY,2021,27
ATLANTIC CITY INTERNATIONAL AIRPORT,NORTHEAST,MIDDLE ATLANTIC,NJ,2021,26
ABRAHAM LINCOLN CAPITAL AIRPORT,MIDWEST,EAST NORTH CENTRAL,IL,2021,25
INDIANAPOLIS INTERNATIONAL AIRPORT,MIDWEST,EAST NORTH CENTRAL,IN,2021,25
LINCOLN MUNICIPAL AIRPORT,MIDWEST,WEST NORTH CENTRAL,NE,2021,25
AUSTIN STRAUBEL INTERNATIONAL AP,MIDWEST,EAST NORTH CENTRAL,WI,2021,24
CLEVELAND-HOPKINS INTERNATIONAL AP,MIDWEST,EAST NORTH CENTRAL,OH,2021,24
SYRACUSE HANCOCK INTERNATIONAL AP,NORTHEAST,MIDDLE ATLANTIC,NY,2021,24
WICHITA EISENHOWER NATIONAL,MIDWEST,WEST NORTH CENTRAL,KS,2021,23
CINCINNATI/NORTHERN KENTUCKY INTL AP,SOUTH,EAST SOUTH CENTRAL,KY,2021,22
FORT WAYNE INTERNATIONAL AIRPORT,MIDWEST,EAST NORTH CENTRAL,IN,2021,22
SEATTLE-TACOMA INTERNATIONAL AIRPORT,WEST,PACIFIC,WA,2021,22
J.M.COX DAYTON INTERNATIONAL AIRPORT,MIDWEST,EAST NORTH CENTRAL,OH,2021,21
TRENTON MERCER AIRPORT,NORTHEAST,MIDDLE ATLANTIC,NJ,2021,20
KANSAS CITY INTERNATIONAL AIRPORT,MIDWEST,WEST NORTH CENTRAL,MO,2021,19
PITTSBURGH INTERNATIONAL AIRPORT,NORTHEAST,MIDDLE ATLANTIC,PA,2021,19
PORT COLUMBUS INTERNATIONAL AIRPORT,MIDWEST,EAST NORTH CENTRAL,OH,2021,19
LOUISVILLE INTL-STANDIFORD FIELD AP,SOUTH,EAST SOUTH CENTRAL,KY,2021,18
NWPT NEWS/WIMBURG INTL APT,SOUTH,SOUTH ATLANTIC,VA,2021,18
PHILADELPHIA INTERNATIONAL AIRPORT,NORTHEAST,MIDDLE ATLANTIC,PA,2021,18
RICHMOND INTERNATIONAL AIRPORT,SOUTH,SOUTH ATLANTIC,VA,2021,18
NORFOLK INTERNATIONAL AIRPORT,SOUTH,SOUTH ATLANTIC,VA,2021,17
SPOKANE INTERNATIONAL AIRPORT,WEST,PACIFIC,WA,2021,17
LAMBERT-ST LOUIS INTERNATIONAL AP,MIDWEST,WEST NORTH CENTRAL,MO,2021,16
CHARLOTTESVILLE ALBEMARLE ARPT,SOUTH,SOUTH ATLANTIC,VA,2021,14
EL PASO INTERNATIONAL AIRPORT,SOUTH,WEST SOUTH CENTRAL,TX,2021,14
BALTIMORE-WASHINGTON INTL AIRPORT,SOUTH,SOUTH ATLANTIC,MD,2021,13
TULSA INTERNATIONAL AIRPORT,SOUTH,WEST SOUTH CENTRAL,OK,2021,13
YEAGER AIRPORT,SOUTH,SOUTH ATLANTIC,WV,2021,13
HARRISBURG INTERNATIONAL AIRPORT,NORTHEAST,MIDDLE ATLANTIC,PA,2021,12
RENO/TAHOE INTERNATIONAL AIRPORT,WEST,MOUNTAIN,NV,2021,12
SALT LAKE CITY INTERNATIONAL AIRPORT,WEST,MOUNTAIN,UT,2021,12
WASHINGTON DULLES INTERNATIONAL AP,SOUTH,SOUTH ATLANTIC,VA,2021,12
RONALD REAGAN WASHINGTON NATL AP,SOUTH,SOUTH ATLANTIC,VA,2021,11
ANDREWS AIR FORCE BASE AIRPORT,SOUTH,SOUTH ATLANTIC,MD,2021,10
LITTLE ROCK AFB AIRPORT,SOUTH,WEST SOUTH CENTRAL,AR,2021,10
MAHLON SWEET FIELD AIRPORT,WEST,PACIFIC,OR,2021,10
RALEIGH-DURHAM INTERNATIONAL AP,SOUTH,SOUTH ATLANTIC,NC,2021,10
BOISE AIR TERMINAL/GOWEN FD AIRPORT,WEST,MOUNTAIN,ID,2021,9
NASHVILLE INTERNATIONAL AIRPORT,SOUTH,EAST SOUTH CENTRAL,TN,2021,9
WILL ROGERS WORLD AIRPORT,SOUTH,WEST SOUTH CENTRAL,OK,2021,9
WILMINGTON INTERNATIONAL AIRPORT,SOUTH,SOUTH ATLANTIC,NC,2021,9
TUCSON INTERNATIONAL AIRPORT,WEST,MOUNTAIN,AZ,2021,8
CHARLESTON AFB/INTERNATIONAL AIRPORT,SOUTH,SOUTH ATLANTIC,SC,2021,7
HUNTSVILLE INTL/C.T.JONES FIELD AIRPORT,SOUTH,EAST SOUTH CENTRAL,AL,2021,7
JACKSON INTERNATIONAL AIRPORT,SOUTH,EAST SOUTH CENTRAL,MS,2021,7
MCCARRAN INTERNATIONAL AIRPORT,WEST,MOUNTAIN,NV,2021,7
MEMPHIS INTERNATIONAL AIRPORT,SOUTH,EAST SOUTH CENTRAL,TN,2021,7
PORTLAND INTERNATIONAL AIRPORT,WEST,PACIFIC,OR,2021,7
BIRMINGHAM INTERNATIONAL AIRPORT,SOUTH,EAST SOUTH CENTRAL,AL,2021,6
PIEDMONT TRIAD INTERNATIONAL AIRPORT,SOUTH,SOUTH ATLANTIC,NC,2021,6
G BUSH INTERCONTINENTAL AP/HOUSTON AP,SOUTH,WEST SOUTH CENTRAL,TX,2021,5
AUSTIN-BERGSTROM INTL AIRPORT,SOUTH,WEST SOUTH CENTRAL,TX,2021,4
CHARLOTTE/DOUGLAS INTERNATIONAL AP,SOUTH,SOUTH ATLANTIC,NC,2021,4
DALLAS/FT WORTH INTERNATIONAL AP,SOUTH,WEST SOUTH CENTRAL,TX,2021,4
LOUIS ARMSTRONG NEW ORLEANS INTL AP,SOUTH,WEST SOUTH CENTRAL,LA,2021,4
PENSACOLA REGIONAL AIRPORT,SOUTH,SOUTH ATLANTIC,FL,2021,4
GREENVILLE-SPARTANBURG INTL AIRPORT,SOUTH,SOUTH ATLANTIC,SC,2021,3
GULFPORT-BILOXI INTL ARPT,SOUTH,EAST SOUTH CENTRAL,MS,2021,3
HARTSFIELD-JACKSON ATLANTA INTL AP,SOUTH,SOUTH ATLANTIC,GA,2021,3
PHOENIX SKY HARBOR INTL AIRPORT,WEST,MOUNTAIN,AZ,2021,3
JACKSONVILLE INTERNATIONAL AIRPORT,SOUTH,SOUTH ATLANTIC,FL,2021,2
ORLANDO INTERNATIONAL AIRPORT,SOUTH,SOUTH ATLANTIC,FL,2021,2
SAN ANTONIO INTERNATIONAL AIRPORT,SOUTH,WEST SOUTH CENTRAL,TX,2021,2
SAVANNAH/HILTON HEAD INTL AIRPORT,SOUTH,SOUTH ATLANTIC,GA,2021,2
SHREVEPORT REGIONAL AIRPORT,SOUTH,WEST SOUTH CENTRAL,LA,2021,2
FT LAUD/HOLLYWOOD INTL APT,SOUTH,SOUTH ATLANTIC,FL,2021,1
SAN DIEGO INTERNATIONAL AIRPORT,WEST,PACIFIC,CA,2021,1
TAMPA INTERNATIONAL AIRPORT,SOUTH,SOUTH ATLANTIC,FL,2021,1
FRESNO YOSEMITE INTERNATIONAL AIRPORT,WEST,PACIFIC,CA,2021,0
HONOLULU INTERNATIONAL AIRPORT,WEST,PACIFIC,HI,2021,0
J. WAYNE APT-ORANGE CO APT,WEST,PACIFIC,CA,2021,0
KAHULUI AIRPORT,WEST,PACIFIC,HI,2021,0
LIHUE AIRPORT,WEST,PACIFIC,HI,2021,0
LOS ANGELES INTERNATIONAL AIRPORT,WEST,PACIFIC,CA,2021,0
MIAMI INTERNATIONAL AIRPORT,SOUTH,SOUTH ATLANTIC,FL,2021,0
ONTARIO INTERNATIONAL ARPT,WEST,PACIFIC,CA,2021,0
SACRAMENTO INTL AIRPORT,WEST,PACIFIC,CA,2021,0
SAN FRANCISCO INTERNATIONAL AIRPORT,WEST,PACIFIC,CA,2021,0
SANTA BARBARA MUNICIPAL AIRPORT,WEST,PACIFIC,CA,2021,0
CITY OF COLORADO SPRINGS MUNICIPAL AP,WEST,MOUNTAIN,CO,2022,64
HECTOR INTERNATIONAL AIRPORT,MIDWEST,WEST NORTH CENTRAL,ND,2022,61
JOE FOSS FIELD AIRPORT,MIDWEST,WEST NORTH CENTRAL,SD,2022,56
DENVER INTERNATIONAL AIRPORT,WEST,MOUNTAIN,CO,2022,51
MINNEAPOLIS-ST PAUL INTERNATIONAL AP,MIDWEST,WEST NORTH CENTRAL,MN,2022,51
DULUTH INTERNATIONAL AIRPORT,MIDWEST,WEST NORTH CENTRAL,MN,2022,50
MANCHESTER AIRPORT,NORTHEAST,NEW ENGLAND,NH,2022,50
ABRAHAM LINCOLN CAPITAL AIRPORT,MIDWEST,EAST NORTH CENTRAL,IL,2022,48
PORTLAND INTERNATIONAL JETPORT AP,NORTHEAST,NEW ENGLAND,ME,2022,48
NATRONA COUNTY INTERNATIONAL AP,WEST,MOUNTAIN,WY,2022,47
GEN E L LOGAN INTERNATIONAL AIRPORT,NORTHEAST,NEW ENGLAND,MA,2022,46
LINCOLN MUNICIPAL AIRPORT,MIDWEST,WEST NORTH CENTRAL,NE,2022,46
SYRACUSE HANCOCK INTERNATIONAL AP,NORTHEAST,MIDDLE ATLANTIC,NY,2022,46
THEODORE F GREEN STATE AIRPORT,NORTHEAST,NEW ENGLAND,RI,2022,46
BURLINGTON INTERNATIONAL AIRPORT,NORTHEAST,NEW ENGLAND,VT,2022,43
GREATER ROCHESTER INTERNATIONAL AP,NORTHEAST,MIDDLE ATLANTIC,NY,2022,43
TED STEVENS ANCHORAGE INTL,WEST,PACIFIC,AK,2022,42
AUSTIN STRAUBEL INTERNATIONAL AP,MIDWEST,EAST NORTH CENTRAL,WI,2022,41
EPPLEY AIRFIELD AIRPORT,MIDWEST,WEST NORTH CENTRAL,NE,2022,40
GALLATIN FIELD AIRPORT,WEST,MOUNTAIN,MT,2022,40
BRADLEY INTERNATIONAL AIRPORT,NORTHEAST,NEW ENGLAND,CT,2022,39
EASTERN IOWA REGIONAL AIRPORT,MIDWEST,WEST NORTH CENTRAL,IA,2022,39
ALBUQUERQUE INTL SUNPORT AIRPORT,WEST,MOUNTAIN,NM,2022,38
BUFFALO NIAGARA INTERNATIONAL AP,NORTHEAST,MIDDLE ATLANTIC,NY,2022,38
DES MOINES INTERNATIONAL AIRPORT,MIDWEST,WEST NORTH CENTRAL,IA,2022,38
ALBANY INTERNATIONAL AIRPORT,NORTHEAST,MIDDLE ATLANTIC,NY,2022,37
JOHN F KENNEDY INTERNATIONAL AIRPORT,NORTHEAST,MIDDLE ATLANTIC,NY,2022,36
JUNEAU INTERNATIONAL,WEST,PACIFIC,AK,2022,34
BILLINGS LOGAN INTERNATIONAL AIRPORT,WEST,MOUNTAIN,MT,2022,33
CHICAGO MIDWAY INTL ARPT,MIDWEST,EAST NORTH CENTRAL,IL,2022,32
CHICAGO O'HARE INTERNATIONAL AIRPORT,MIDWEST,EAST NORTH CENTRAL,IL,2022,31
GENERAL MITCHELL INTERNATIONAL AP,MIDWEST,EAST NORTH CENTRAL,WI,2022,31
LA GUARDIA AIRPORT,NORTHEAST,MIDDLE ATLANTIC,NY,2022,31
TRENTON MERCER AIRPORT,NORTHEAST,MIDDLE ATLANTIC,NJ,2022,31
ATLANTIC CITY INTERNATIONAL AIRPORT,NORTHEAST,MIDDLE ATLANTIC,NJ,2022,30
DETROIT METRO WAYNE COUNTY AIRPORT,MIDWEST,EAST NORTH CENTRAL,MI,2022,30
GERALD R FORD INTERNATIONAL AIRPORT,MIDWEST,EAST NORTH CENTRAL,MI,2022,29
KANSAS CITY INTERNATIONAL AIRPORT,MIDWEST,WEST NORTH CENTRAL,MO,2022,29
NEWARK LIBERTY INTERNATIONAL AP,NORTHEAST,MIDDLE ATLANTIC,NJ,2022,29
PHILADELPHIA INTERNATIONAL AIRPORT,NORTHEAST,MIDDLE ATLANTIC,PA,2022,29
BALTIMORE-WASHINGTON INTL AIRPORT,SOUTH,SOUTH ATLANTIC,MD,2022,28
RONALD REAGAN WASHINGTON NATL AP,SOUTH,SOUTH ATLANTIC,VA,2022,28
FORT WAYNE INTERNATIONAL AIRPORT,MIDWEST,EAST NORTH CENTRAL,IN,2022,27
CLEVELAND-HOPKINS INTERNATIONAL AP,MIDWEST,EAST NORTH CENTRAL,OH,2022,26
NWPT NEWS/WIMBURG INTL APT,SOUTH,SOUTH ATLANTIC,VA,2022,26
FAIRBANKS INTERNATIONAL,WEST,PACIFIC,AK,2022,25
HARRISBURG INTERNATIONAL AIRPORT,NORTHEAST,MIDDLE ATLANTIC,PA,2022,25
WICHITA EISENHOWER NATIONAL,MIDWEST,WEST NORTH CENTRAL,KS,2022,25
RICHMOND INTERNATIONAL AIRPORT,SOUTH,SOUTH ATLANTIC,VA,2022,24
SEATTLE-TACOMA INTERNATIONAL AIRPORT,WEST,PACIFIC,WA,2022,24
CINCINNATI/NORTHERN KENTUCKY INTL AP,SOUTH,EAST SOUTH CENTRAL,KY,2022,23
J.M.COX DAYTON INTERNATIONAL AIRPORT,MIDWEST,EAST NORTH CENTRAL,OH,2022,23
NORFOLK INTERNATIONAL AIRPORT,SOUTH,SOUTH ATLANTIC,VA,2022,23
PITTSBURGH INTERNATIONAL AIRPORT,NORTHEAST,MIDDLE ATLANTIC,PA,2022,22
RALEIGH-DURHAM INTERNATIONAL AP,SOUTH,SOUTH ATLANTIC,NC,2022,22
CHARLOTTESVILLE ALBEMARLE ARPT,SOUTH,SOUTH ATLANTIC,VA,2022,21
WASHINGTON DULLES INTERNATIONAL AP,SOUTH,SOUTH ATLANTIC,VA,2022,21
YEAGER AIRPORT,SOUTH,SOUTH ATLANTIC,WV,2022,21
INDIANAPOLIS INTERNATIONAL AIRPORT,MIDWEST,EAST NORTH CENTRAL,IN,2022,20
PORT COLUMBUS INTERNATIONAL AIRPORT,MIDWEST,EAST NORTH CENTRAL,OH,2022,20
SALT LAKE CITY INTERNATIONAL AIRPORT,WEST,MOUNTAIN,UT,2022,20
SPOKANE INTERNATIONAL AIRPORT,WEST,PACIFIC,WA,2022,19
LAMBERT-ST LOUIS INTERNATIONAL AP,MIDWEST,WEST NORTH CENTRAL,MO,2022,18
WILL ROGERS WORLD AIRPORT,SOUTH,WEST SOUTH CENTRAL,OK,2022,18
CHARLOTTE/DOUGLAS INTERNATIONAL AP,SOUTH,SOUTH ATLANTIC,NC,2022,17
EL PASO INTERNATIONAL AIRPORT,SOUTH,WEST SOUTH CENTRAL,TX,2022,17
LOUISVILLE INTL-STANDIFORD FIELD AP,SOUTH,EAST SOUTH CENTRAL,KY,2022,17
PIEDMONT TRIAD INTERNATIONAL AIRPORT,SOUTH,SOUTH ATLANTIC,NC,2022,17
ANDREWS AIR FORCE BASE AIRPORT,SOUTH,SOUTH ATLANTIC,MD,2022,15
GREENVILLE-SPARTANBURG INTL AIRPORT,SOUTH,SOUTH ATLANTIC,SC,2022,15
TULSA INTERNATIONAL AIRPORT,SOUTH,WEST SOUTH CENTRAL,OK,2022,15
PORTLAND INTERNATIONAL AIRPORT,WEST,PACIFIC,OR,2022,14
BOISE AIR TERMINAL/GOWEN FD AIRPORT,WEST,MOUNTAIN,ID,2022,12
HUNTSVILLE INTL/C.T.JONES FIELD AIRPORT,SOUTH,EAST SOUTH CENTRAL,AL,2022,12
WILMINGTON INTERNATIONAL AIRPORT,SOUTH,SOUTH ATLANTIC,NC,2022,12
MEMPHIS INTERNATIONAL AIRPORT,SOUTH,EAST SOUTH CENTRAL,TN,2022,11
NASHVILLE INTERNATIONAL AIRPORT,SOUTH,EAST SOUTH CENTRAL,TN,2022,11
MAHLON SWEET FIELD AIRPORT,WEST,PACIFIC,OR,2022,10
SHREVEPORT REGIONAL AIRPORT,SOUTH,WEST SOUTH CENTRAL,LA,2022,10
AUSTIN-BERGSTROM INTL AIRPORT,SOUTH,WEST SOUTH CENTRAL,TX,2022,9
CHARLESTON AFB/INTERNATIONAL AIRPORT,SOUTH,SOUTH ATLANTIC,SC,2022,9
LITTLE ROCK AFB AIRPORT,SOUTH,WEST SOUTH CENTRAL,AR,2022,9
RENO/TAHOE INTERNATIONAL AIRPORT,WEST,MOUNTAIN,NV,2022,9
DALLAS/FT WORTH INTERNATIONAL AP,SOUTH,WEST SOUTH CENTRAL,TX,2022,8
JACKSON INTERNATIONAL AIRPORT,SOUTH,EAST SOUTH CENTRAL,MS,2022,8
SAN ANTONIO INTERNATIONAL AIRPORT,SOUTH,WEST SOUTH CENTRAL,TX,2022,8
HARTSFIELD-JACKSON ATLANTA INTL AP,SOUTH,SOUTH ATLANTIC,GA,2022,7
MCCARRAN INTERNATIONAL AIRPORT,WEST,MOUNTAIN,NV,2022,7
BIRMINGHAM INTERNATIONAL AIRPORT,SOUTH,EAST SOUTH CENTRAL,AL,2022,6
SAVANNAH/HILTON HEAD INTL AIRPORT,SOUTH,SOUTH ATLANTIC,GA,2022,4
JACKSONVILLE INTERNATIONAL AIRPORT,SOUTH,SOUTH ATLANTIC,FL,2022,2
ONTARIO INTERNATIONAL ARPT,WEST,PACIFIC,CA,2022,2
ORLANDO INTERNATIONAL AIRPORT,SOUTH,SOUTH ATLANTIC,FL,2022,2
FT LAUD/HOLLYWOOD INTL APT,SOUTH,SOUTH ATLANTIC,FL,2022,1
G BUSH INTERCONTINENTAL AP/HOUSTON AP,SOUTH,WEST SOUTH CENTRAL,TX,2022,1
HONOLULU INTERNATIONAL AIRPORT,WEST,PACIFIC,HI,2022,1
LIHUE AIRPORT,WEST,PACIFIC,HI,2022,1
LOUIS ARMSTRONG NEW ORLEANS INTL AP,SOUTH,WEST SOUTH CENTRAL,LA,2022,1
PENSACOLA REGIONAL AIRPORT,SOUTH,SOUTH ATLANTIC,FL,2022,1
SACRAMENTO INTL AIRPORT,WEST,PACIFIC,CA,2022,1
TAMPA INTERNATIONAL AIRPORT,SOUTH,SOUTH ATLANTIC,FL,2022,1
TUCSON INTERNATIONAL AIRPORT,WEST,MOUNTAIN,AZ,2022,1
FRESNO YOSEMITE INTERNATIONAL AIRPORT,WEST,PACIFIC,CA,2022,0
GULFPORT-BILOXI INTL ARPT,SOUTH,EAST SOUTH CENTRAL,MS,2022,0
J. WAYNE APT-ORANGE CO APT,WEST,PACIFIC,CA,2022,0
KAHULUI AIRPORT,WEST,PACIFIC,HI,2022,0
LOS ANGELES INTERNATIONAL AIRPORT,WEST,PACIFIC,CA,2022,0
MIAMI INTERNATIONAL AIRPORT,SOUTH,SOUTH ATLANTIC,FL,2022,0
PHOENIX SKY HARBOR INTL AIRPORT,WEST,MOUNTAIN,AZ,2022,0
SAN DIEGO INTERNATIONAL AIRPORT,WEST,PACIFIC,CA,2022,0
SAN FRANCISCO INTERNATIONAL AIRPORT,WEST,PACIFIC,CA,2022,0
SANTA BARBARA MUNICIPAL AIRPORT,WEST,PACIFIC,CA,2022,0
GEN E L LOGAN INTERNATIONAL AIRPORT,NORTHEAST,NEW ENGLAND,MA,2023,43
PORTLAND INTERNATIONAL JETPORT AP,NORTHEAST,NEW ENGLAND,ME,2023,42
BUFFALO NIAGARA INTERNATIONAL AP,NORTHEAST,MIDDLE ATLANTIC,NY,2023,41
CITY OF COLORADO SPRINGS MUNICIPAL AP,WEST,MOUNTAIN,CO,2023,40
SYRACUSE HANCOCK INTERNATIONAL AP,NORTHEAST,MIDDLE ATLANTIC,NY,2023,39
GREATER ROCHESTER INTERNATIONAL AP,NORTHEAST,MIDDLE ATLANTIC,NY,2023,38
MANCHESTER AIRPORT,NORTHEAST,NEW ENGLAND,NH,2023,38
THEODORE F GREEN STATE AIRPORT,NORTHEAST,NEW ENGLAND,RI,2023,38
LA GUARDIA AIRPORT,NORTHEAST,MIDDLE ATLANTIC,NY,2023,37
BURLINGTON INTERNATIONAL AIRPORT,NORTHEAST,NEW ENGLAND,VT,2023,36
JOHN F KENNEDY INTERNATIONAL AIRPORT,NORTHEAST,MIDDLE ATLANTIC,NY,2023,36
NEWARK LIBERTY INTERNATIONAL AP,NORTHEAST,MIDDLE ATLANTIC,NJ,2023,36
ATLANTIC CITY INTERNATIONAL AIRPORT,NORTHEAST,MIDDLE ATLANTIC,NJ,2023,35
DETROIT METRO WAYNE COUNTY AIRPORT,MIDWEST,EAST NORTH CENTRAL,MI,2023,35
ALBANY INTERNATIONAL AIRPORT,NORTHEAST,MIDDLE ATLANTIC,NY,2023,34
BRADLEY INTERNATIONAL AIRPORT,NORTHEAST,NEW ENGLAND,CT,2023,34
ALBUQUERQUE INTL SUNPORT AIRPORT,WEST,MOUNTAIN,NM,2023,33
DENVER INTERNATIONAL AIRPORT,WEST,MOUNTAIN,CO,2023,33
TRENTON MERCER AIRPORT,NORTHEAST,MIDDLE ATLANTIC,NJ,2023,33
JUNEAU INTERNATIONAL,WEST,PACIFIC,AK,2023,32
NORFOLK INTERNATIONAL AIRPORT,SOUTH,SOUTH ATLANTIC,VA,2023,32
NWPT NEWS/WIMBURG INTL APT,SOUTH,SOUTH ATLANTIC,VA,2023,30
PHILADELPHIA INTERNATIONAL AIRPORT,NORTHEAST,MIDDLE ATLANTIC,PA,2023,30
BALTIMORE-WASHINGTON INTL AIRPORT,SOUTH,SOUTH ATLANTIC,MD,2023,29
HARRISBURG INTERNATIONAL AIRPORT,NORTHEAST,MIDDLE ATLANTIC,PA,2023,29
RICHMOND INTERNATIONAL AIRPORT,SOUTH,SOUTH ATLANTIC,VA,2023,29
RONALD REAGAN WASHINGTON NATL AP,SOUTH,SOUTH ATLANTIC,VA,2023,29
TED STEVENS ANCHORAGE INTL,WEST,PACIFIC,AK,2023,29
WICHITA EISENHOWER NATIONAL,MIDWEST,WEST NORTH CENTRAL,KS,2023,28
CLEVELAND-HOPKINS INTERNATIONAL AP,MIDWEST,EAST NORTH CENTRAL,OH,2023,27
CHARLOTTESVILLE ALBEMARLE ARPT,SOUTH,SOUTH ATLANTIC,VA,2023,26
FAIRBANKS INTERNATIONAL,WEST,PACIFIC,AK,2023,26
GERALD R FORD INTERNATIONAL AIRPORT,MIDWEST,EAST NORTH CENTRAL,MI,2023,26
HECTOR INTERNATIONAL AIRPORT,MIDWEST,WEST NORTH CENTRAL,ND,2023,26
MINNEAPOLIS-ST PAUL INTERNATIONAL AP,MIDWEST,WEST NORTH CENTRAL,MN,2023,26
WASHINGTON DULLES INTERNATIONAL AP,SOUTH,SOUTH ATLANTIC,VA,2023,26
CHICAGO O'HARE INTERNATIONAL AIRPORT,MIDWEST,EAST NORTH CENTRAL,IL,2023,24
DES MOINES INTERNATIONAL AIRPORT,MIDWEST,WEST NORTH CENTRAL,IA,2023,24
GENERAL MITCHELL INTERNATIONAL AP,MIDWEST,EAST NORTH CENTRAL,WI,2023,24
JOE FOSS FIELD AIRPORT,MIDWEST,WEST NORTH CENTRAL,SD,2023,24
AUSTIN STRAUBEL INTERNATIONAL AP,MIDWEST,EAST NORTH CENTRAL,WI,2023,23
EPPLEY AIRFIELD AIRPORT,MIDWEST,WEST NORTH CENTRAL,NE,2023,23
PITTSBURGH INTERNATIONAL AIRPORT,NORTHEAST,MIDDLE ATLANTIC,PA,2023,23
CHICAGO MIDWAY INTL ARPT,MIDWEST,EAST NORTH CENTRAL,IL,2023,22
LINCOLN MUNICIPAL AIRPORT,MIDWEST,WEST NORTH CENTRAL,NE,2023,22
GALLATIN FIELD AIRPORT,WEST,MOUNTAIN,MT,2023,21
YEAGER AIRPORT,SOUTH,SOUTH ATLANTIC,WV,2023,21
DULUTH INTERNATIONAL AIRPORT,MIDWEST,WEST NORTH CENTRAL,MN,2023,20
EASTERN IOWA REGIONAL AIRPORT,MIDWEST,WEST NORTH CENTRAL,IA,2023,20
FORT WAYNE INTERNATIONAL AIRPORT,MIDWEST,EAST NORTH CENTRAL,IN,2023,20
J.M.COX DAYTON INTERNATIONAL AIRPORT,MIDWEST,EAST NORTH CENTRAL,OH,2023,20
TULSA INTERNATIONAL AIRPORT,SOUTH,WEST SOUTH CENTRAL,OK,2023,20
CINCINNATI/NORTHERN KENTUCKY INTL AP,SOUTH,EAST SOUTH CENTRAL,KY,2023,19
KANSAS CITY INTERNATIONAL AIRPORT,MIDWEST,WEST NORTH CENTRAL,MO,2023,19
LAMBERT-ST LOUIS INTERNATIONAL AP,MIDWEST,WEST NORTH CENTRAL,MO,2023,19
ABRAHAM LINCOLN CAPITAL AIRPORT,MIDWEST,EAST NORTH CENTRAL,IL,2023,18
EL PASO INTERNATIONAL AIRPORT,SOUTH,WEST SOUTH CENTRAL,TX,2023,18
INDIANAPOLIS INTERNATIONAL AIRPORT,MIDWEST,EAST NORTH CENTRAL,IN,2023,18
RALEIGH-DURHAM INTERNATIONAL AP,SOUTH,SOUTH ATLANTIC,NC,2023,18
PORT COLUMBUS INTERNATIONAL AIRPORT,MIDWEST,EAST NORTH CENTRAL,OH,2023,17
WILL ROGERS WORLD AIRPORT,SOUTH,WEST SOUTH CENTRAL,OK,2023,16
PIEDMONT TRIAD INTERNATIONAL AIRPORT,SOUTH,SOUTH ATLANTIC,NC,2023,15
RENO/TAHOE INTERNATIONAL AIRPORT,WEST,MOUNTAIN,NV,2023,15
SHREVEPORT REGIONAL AIRPORT,SOUTH,WEST SOUTH CENTRAL,LA,2023,15
NATRONA COUNTY INTERNATIONAL AP,WEST,MOUNTAIN,WY,2023,14
ANDREWS AIR FORCE BASE AIRPORT,SOUTH,SOUTH ATLANTIC,MD,2023,13
DALLAS/FT WORTH INTERNATIONAL AP,SOUTH,WEST SOUTH CENTRAL,TX,2023,13
SALT LAKE CITY INTERNATIONAL AIRPORT,WEST,MOUNTAIN,UT,2023,13
BILLINGS LOGAN INTERNATIONAL AIRPORT,WEST,MOUNTAIN,MT,2023,12
LOUISVILLE INTL-STANDIFORD FIELD AP,SOUTH,EAST SOUTH CENTRAL,KY,2023,12
PORTLAND INTERNATIONAL AIRPORT,WEST,PACIFIC,OR,2023,12
MAHLON SWEET FIELD AIRPORT,WEST,PACIFIC,OR,2023,11
BOISE AIR TERMINAL/GOWEN FD AIRPORT,WEST,MOUNTAIN,ID,2023,10
CHARLOTTE/DOUGLAS INTERNATIONAL AP,SOUTH,SOUTH ATLANTIC,NC,2023,10
SEATTLE-TACOMA INTERNATIONAL AIRPORT,WEST,PACIFIC,WA,2023,10
WILMINGTON INTERNATIONAL AIRPORT,SOUTH,SOUTH ATLANTIC,NC,2023,10
GREENVILLE-SPARTANBURG INTL AIRPORT,SOUTH,SOUTH ATLANTIC,SC,2023,9
LITTLE ROCK AFB AIRPORT,SOUTH,WEST SOUTH CENTRAL,AR,2023,9
MEMPHIS INTERNATIONAL AIRPORT,SOUTH,EAST SOUTH CENTRAL,TN,2023,9
JACKSON INTERNATIONAL AIRPORT,SOUTH,EAST SOUTH CENTRAL,MS,2023,8
AUSTIN-BERGSTROM INTL AIRPORT,SOUTH,WEST SOUTH CENTRAL,TX,2023,7
CHARLESTON AFB/INTERNATIONAL AIRPORT,SOUTH,SOUTH ATLANTIC,SC,2023,7
SACRAMENTO INTL AIRPORT,WEST,PACIFIC,CA,2023,7
SAN FRANCISCO INTERNATIONAL AIRPORT,WEST,PACIFIC,CA,2023,7
SPOKANE INTERNATIONAL AIRPORT,WEST,PACIFIC,WA,2023,7
MCCARRAN INTERNATIONAL AIRPORT,WEST,MOUNTAIN,NV,2023,6
SAN ANTONIO INTERNATIONAL AIRPORT,SOUTH,WEST SOUTH CENTRAL,TX,2023,6
BIRMINGHAM INTERNATIONAL AIRPORT,SOUTH,EAST SOUTH CENTRAL,AL,2023,5
NASHVILLE INTERNATIONAL AIRPORT,SOUTH,EAST SOUTH CENTRAL,TN,2023,5
PHOENIX SKY HARBOR INTL AIRPORT,WEST,MOUNTAIN,AZ,2023,5
TUCSON INTERNATIONAL AIRPORT,WEST,MOUNTAIN,AZ,2023,5
HARTSFIELD-JACKSON ATLANTA INTL AP,SOUTH,SOUTH ATLANTIC,GA,2023,4
SAVANNAH/HILTON HEAD INTL AIRPORT,SOUTH,SOUTH ATLANTIC,GA,2023,4
G BUSH INTERCONTINENTAL AP/HOUSTON AP,SOUTH,WEST SOUTH CENTRAL,TX,2023,3
GULFPORT-BILOXI INTL ARPT,SOUTH,EAST SOUTH CENTRAL,MS,2023,3
HUNTSVILLE INTL/C.T.JONES FIELD AIRPORT,SOUTH,EAST SOUTH CENTRAL,AL,2023,3
PENSACOLA REGIONAL AIRPORT,SOUTH,SOUTH ATLANTIC,FL,2023,3
FRESNO YOSEMITE INTERNATIONAL AIRPORT,WEST,PACIFIC,CA,2023,2
FT LAUD/HOLLYWOOD INTL APT,SOUTH,SOUTH ATLANTIC,FL,2023,2
LOS ANGELES INTERNATIONAL AIRPORT,WEST,PACIFIC,CA,2023,2
LOUIS ARMSTRONG NEW ORLEANS INTL AP,SOUTH,WEST SOUTH CENTRAL,LA,2023,2
ONTARIO INTERNATIONAL ARPT,WEST,PACIFIC,CA,2023,2
ORLANDO INTERNATIONAL AIRPORT,SOUTH,SOUTH ATLANTIC,FL,2023,2
SANTA BARBARA MUNICIPAL AIRPORT,WEST,PACIFIC,CA,2023,2
TAMPA INTERNATIONAL AIRPORT,SOUTH,SOUTH ATLANTIC,FL,2023,2
JACKSONVILLE INTERNATIONAL AIRPORT,SOUTH,SOUTH ATLANTIC,FL,2023,1
SAN DIEGO INTERNATIONAL AIRPORT,WEST,PACIFIC,CA,2023,1
HONOLULU INTERNATIONAL AIRPORT,WEST,PACIFIC,HI,2023,0
J. WAYNE APT-ORANGE CO APT,WEST,PACIFIC,CA,2023,0
KAHULUI AIRPORT,WEST,PACIFIC,HI,2023,0
LIHUE AIRPORT,WEST,PACIFIC,HI,2023,0
MIAMI INTERNATIONAL AIRPORT,SOUTH,SOUTH ATLANTIC,FL,2023,0
